effort_ha,N,dbh_cutoff,S
0.01,4,PBH>=15.7cm,1
0.01,2,H>150cm&DBH<10.0cm,2
0.01,2,H>150cm&DBH<10.0cm,2
0.01,3,H>150cm&DBH<10.0cm,2
0.01,3,H>150cm&DBH<10.0cm,2
0.01,5,H>150cm&DBH<10.0cm,2
0.01,8,H>150cm&DBH<10.0cm,2
0.01,3,H>150cm&DBH<10.0cm,3
0.01,3,H>150cm&DBH<10.0cm,3
0.01,3,H>150cm&DBH<10.0cm,3
0.01,3,H>150cm&DBH<10.0cm,3
0.01,4,H>150cm&DBH<10.0cm,3
0.01,9,H>150cm&DBH<10.0cm,3
0.264,282,DBH>=4.8cm,3
0.01,4,H>150cm&DBH<10.0cm,4
0.01,8,H>150cm&DBH<10.0cm,4
0.01,8,H>150cm&DBH<10.0cm,4
0.01,9,H>150cm&DBH<10.0cm,4
2.500,3550,PBH>=15.7cm,4
0.2,546,DBH>=4.8cm,5
0.01,8,H>150cm&DBH<10.0cm,5
0.01,8,H>150cm&DBH<10.0cm,5
0.01,11,H>150cm&DBH<10.0cm,5
0.01,14,H>150cm&DBH<10.0cm,5
0.01,15,H>150cm&DBH<10.0cm,5
0.01,23,H>150cm&DBH<10.0cm,5
0.900,567,PBH>=15.7cm,5
0.01,8,H>150cm&DBH<10.0cm,6
0.01,8,H>150cm&DBH<10.0cm,6
0.01,10,H>150cm&DBH<10.0cm,6
0.01,10,H>150cm&DBH<10.0cm,6
0.4,38,DBH>=10.0cm,7
0.20,99,DBH>=10.0cm,7
0.01,8,H>150cm&DBH<10.0cm,7
0.01,13,H>150cm&DBH<10.0cm,7
0.01,17,H>150cm&DBH<10.0cm,7
0.02,21,PBH>=15.7cm,7
0.01,13,H>150cm&DBH<10.0cm,8
0.01,13,H>150cm&DBH<10.0cm,8
0.01,15,H>150cm&DBH<10.0cm,8
0.01,16,H>150cm&DBH<10.0cm,8
0.01,16,H>150cm&DBH<10.0cm,8
0.01,29,H>150cm&DBH<10.0cm,8
0.4,101,DBH>=10.0cm,9
0.8,2408,DBH>=3.0cm,9
0.1,189,DBH>=4.8cm,9
0.01,27,H>150cm&DBH<10.0cm,9
0.01,27,H>150cm&DBH<10.0cm,9
0.01,40,H>150cm&DBH<10.0cm,9
0.01,50,H>150cm&DBH<10.0cm,9
0.01,79,H>150cm&DBH<10.0cm,9
0.04,29,PBH>=15.7cm,9
0.24,287,5.0cm<=DBH<=10.0cm/DBH>=10.0cm,10
0.06,54,DBH>=10.0cm,10
0.14,111,DBH>=5.0cm,10
0.01,14,H>150cm&DBH<10.0cm,10
0.01,17,H>150cm&DBH<10.0cm,10
0.01,26,H>150cm&DBH<10.0cm,10
0.01,30,H>150cm&DBH<10.0cm,10
0.01,57,H>150cm&DBH<10.0cm,10
0.01,65,H>150cm&DBH<10.0cm,10
0.1,120,PBH>=15.0cm,10
0.05,191,PBH>=15.0cm,10
0.4,134,DBH>=10.0cm,11
0.1,15,DBH>=3.0cm,11
0.0875,389,DBH>=5.0cm,11
0.01,14,H>150cm&DBH<10.0cm,11
0.01,46,H>150cm&DBH<10.0cm,11
0.405,930,PBH>=15.0cm,11
0.405,930,PBH>=15.0cm,11
0.1,17,DBH>=3.0cm,12
0.2,353,DBH>=5.0cm,12
0.108,304,DGH>=3.0cm&H>=100cm,12
0.01,26,H>150cm&DBH<10.0cm,12
0.01,33,H>150cm&DBH<10.0cm,12
0.01,42,H>150cm&DBH<10.0cm,12
0.05,35,PBH>15.0cm&H>300cm,12
0.4,33,DBH>=10.0cm,13
0.4,35,DBH>=10.0cm,13
0.16,312,DBH>=10.0cm,13
0.16,312,DBH>=10.0cm,13
0.26,419,DBH>=10.0cm,13
0.26,419,DBH>=10.0cm,13
0.25,257,DBH>=5.0cm,13
0.12,422,DBH>=5.0cm,13
0.2,636,DBH>=5.0cm,13
0.01,30,H>150cm&DBH<10.0cm,13
0.01,36,H>150cm&DBH<10.0cm,13
0.01,81,H>150cm&DBH<10.0cm,13
0.1,191,PBH>=15.0cm,13
0.04,179,PBH>20.0cm,13
0.4,43,DBH>=10.0cm,14
0.4,49,DBH>=10.0cm,14
0.4,102,DBH>=10.0cm,14
0.2,111,DBH>=10.0cm,14
0.1,26,DBH>=3.0cm,14
0.0841,183,DBH>=3.0cm,14
0.12,257,DBH>=5.0cm,14
0.12,477,DBH>=5.0cm,14
0.01,27,H>150cm&DBH<10.0cm,14
0.01,29,H>150cm&DBH<10.0cm,14
0.01,52,H>150cm&DBH<10.0cm,14
0.01,65,H>150cm&DBH<10.0cm,14
0.05,236,PBH>=10.0cm,14
0.1,197,PBH>=15.0cm,14
0.4,82,DBH>=10.0cm,15
0.1,20,DBH>=3.0cm,15
0.12,274,DBH>=5.0cm,15
0.12,282,DBH>=5.0cm,15
0.12,345,DBH>=5.0cm,15
0.004,87,H>130cm&DBH<5.0cm,15
0.01,23,H>150cm&DBH<10.0cm,15
0.01,24,H>150cm&DBH<10.0cm,15
0.01,97,H>150cm&DBH<10.0cm,15
0.4,42,DBH>=10.0cm,16
0.4,495,DBH>=10.0cm,16
0.1,36,DBH>=3.0cm,16
0.22,621,DBH>=5.0cm,16
0.01,24,H>150cm&DBH<10.0cm,16
0.01,55,H>150cm&DBH<10.0cm,16
0.1,316,PBH>=15.0cm,16
0.36,417,PBH>=9.0cm,16
0.1,150,PBH>20.0cm,16
0.05,227,PGH>=3.0cm,16
0.4,204,DBH>=10.0cm,17
0.1,38,DBH>=3.0cm,17
0.06,52,DBH>=5.0cm,17
0.04,53,DBH>=5.0cm,17
0.13,150,DBH>=5.0cm,17
0.24,195,DBH>=5.0cm,17
0.12,223,DBH>=5.0cm,17
0.29,314,DBH>=5.0cm,17
0.01,31,H>150cm&DBH<10.0cm,17
0.01,45,H>150cm&DBH<10.0cm,17
0.01,47,H>150cm&DBH<10.0cm,17
0.01,54,H>150cm&DBH<10.0cm,17
0.1,153,PBH>=15.0cm,17
0.2,112,DBH>=10.0cm,18
0.4,144,DBH>=10.0cm,18
0.4,199,DBH>=10.0cm,18
0.4,358,DBH>=10.0cm,18
0.4,467,DBH>=10.0cm,18
0.08,70,DBH>=5.0cm,18
0.26,182,DBH>=5.0cm,18
0.3,287,DBH>=5.0cm,18
0.12,339,DBH>=5.0cm,18
0.01,44,H>150cm&DBH<10.0cm,18
0.01,81,H>150cm&DBH<10.0cm,18
0.05,127,PBH>=10.0cm,18
0.33,411,PBH>=15.0cm,18
0.4,160,DBH>=10.0cm,19
0.4,178,DBH>=10.0cm,19
0.1,19,DBH>=3.0cm,19
0.1,164,DBH>=3.0cm,19
0.12,368,DBH>=5.0cm,19
0.24,640,DBH>=5.0cm,19
2.4,737,DBH>=5.0cm,19
0.01,23,H>150cm&DBH<10.0cm,19
0.01,28,H>150cm&DBH<10.0cm,19
0.01,47,H>150cm&DBH<10.0cm,19
0.05,216,PBH>=10.0cm,19
0.08,105,PBH>=15.0cm,19
0.05,112,PBH>=15.0cm,19
0.45,253,PBH>=30.0cm,19
0.3,222,PBH>=31.5cm,19
0.003,40,30cm<H<150cm,20
0.4,122,DBH>=10.0cm,20
0.2,143,DBH>=10.0cm,20
0.4,163,DBH>=10.0cm,20
0.1,25,DBH>=3.0cm,20
0.1,131,DBH>=5.0cm,20
0.1,131,DBH>=5.0cm,20
0.12,236,DBH>=5.0cm,20
0.01,37,H>150cm&DBH<10.0cm,20
0.01,61,H>150cm&DBH<10.0cm,20
0.01,88,H>150cm&DBH<10.0cm,20
0.36,392,PBH>=10.0cm,20
0.24,142,PBH>=15.0cm,20
0.0545,256,PBH>=3.0cm,20
0.1,46,PBH>15.0cm&H>300cm,20
0.12,66,DBH>=10.0cm,21
0.4,80,DBH>=10.0cm,21
0.4,107,DBH>=10.0cm,21
0.4,165,DBH>=10.0cm,21
0.1,22,DBH>=3.0cm,21
0.26,136,DBH>=5.0cm,21
0.12,263,DBH>=5.0cm,21
0.32,488,DBH>=5.0cm,21
0.5,1940,DGH>=3cm,21
0.02,274,H>=100cm,21
0.01,41,H>150cm&DBH<10.0cm,21
0.01,43,H>150cm&DBH<10.0cm,21
0.01,55,H>150cm&DBH<10.0cm,21
0.01,70,H>150cm&DBH<10.0cm,21
0.05,224,PBH>=10.0cm,21
0.1,132,PBH>=15.0cm,21
0.16,224,PBH>=15.0cm,21
0.0698,256,PBH>=3.0cm,21
0.43,175,PBH>=9.0cm,21
0.0435,226,PGH>=3.0cm,21
0.4,274,DBH>=10.0cm,22
0.4,561,DBH>=10.0cm,22
0.12,320,DBH>=5.0cm,22
0.09,380,DGH>=2.5cm,22
0.01,82,H>150cm&DBH<10.0cm,22
0.44,1697,PBH>=10.0cm,22
0.06417,96,PBH>=15.0cm,22
0.25,140,PBH>=15.0cm,22
0.85,767,PBH>=15.7cm,22
0.14,362,DBH<=10.0cm,23
0.4,96,DBH>=10.0cm,23
0.4,304,DBH>=10.0cm,23
0.4,482,DBH>=10.0cm,23
0.1,20,DBH>=3.0cm,23
0.1,23,DBH>=3.0cm,23
0.2,214,DBH>=5.0cm,23
0.2,241,DBH>=5.0cm,23
0.2,277,DBH>=5.0cm,23
0.21,165,DBH>10.0cm,23
0.0116,58,H>=100cm&DBH<5.0cm,23
0.1,201,PBH>=8.0cm,23
0.0435,143,PGH>=3.0cm,23
0.4,85,DBH>=10.0cm,24
0.2,133,DBH>=10.0cm,24
0.2,133,DBH>=10.0cm,24
0.4,139,DBH>=10.0cm,24
0.24,230,DBH>=10.0cm,24
0.288,240,DBH>=10.0cm,24
0.4,258,DBH>=10.0cm,24
0.4,266,DBH>=10.0cm,24
1,361,DBH>=10.0cm,24
1.00,361,DBH>=10.0cm,24
0.08,88,DBH>=5.0cm,24
0.1,193,DBH>=5.0cm,24
0.6,296,DBH>=5.0cm,24
0.06,296,H>100cm&DBH>=1cm,24
0.03,180,PBH>=10.0cm,24
0.1,483,PBH>=10.0cm,24
0.1,137,PBH>=15.0cm,24
0.1,152,PBH>=15.0cm,24
0.5,366,PBH>=15.7cm,24
0.09,155,PBH>=5.0cm,24
0.2,909,PBH>=5.0cm,24
0.18,79,DBH>=10.0cm,25
0.18,79,DBH>=10.0cm,25
0.4,103,DBH>=10.0cm,25
0.4,107,DBH>=10.0cm,25
0.4,113,DBH>=10.0cm,25
0.2,167,DBH>=10.0cm,25
0.4,376,DBH>=10.0cm,25
0.06,91,DBH>=5.0cm,25
0.12,121,DBH>=5.0cm,25
0.6,702,DBH>=5.0cm,25
0.01,51,H>150cm&DBH<10.0cm,25
0.01,76,H>150cm&DBH<10.0cm,25
0.1,429,PBH>=10.0cm,25
0.13,213,PBH>=15.0cm,25
0.500,409,PBH>=15.7cm,25
0.0453,256,PBH>=3.0cm,25
0.1,167,DBH>=10.0cm,26
0.4,167,DBH>=10.0cm,26
0.3,400,DBH>=10.0cm,26
0.1,312,DBH>=2.5cm,26
0.26,498,DBH>=2.5cm,26
0.8,232,DBH>=20.0cm,26
0.1,14,DBH>=3.0cm,26
0.1,30,DBH>=3.0cm,26
0.325,66,DBH>=3.0cm&H>=200cm,26.0
0.2,231,DBH>=5.0cm,26
0.2,364,DBH>=5.0cm,26
1,2034,DBH>=5.0cm,26
0.0064,294,H>10cm&DBH<5.0cm,26
0.01,77,H>150cm&DBH<10.0cm,26
0.01,97,H>150cm&DBH<10.0cm,26
0.12,186,PBH>=10.0cm,26
0.12,552,PBH>=10.0cm,26
0.25,712,PBH>=10.0cm,26
0.1,152,PBH>=15.0cm,26
0.45,208,PBH>=15.0cm,26
0.4,94,DBH>=10.0cm,27
0.4,136,DBH>=10.0cm,27
0.4,138,DBH>=10.0cm,27
0.4,139,DBH>=10.0cm,27
0.4,190,DBH>=10.0cm,27
0.4,264,DBH>=10.0cm,27
0.32,443,DBH>=10.0cm,27
0.32,443,DBH>=10.0cm,27
0.08,96,DBH>=5.0cm,27
0.2,217,DBH>=5.0cm,27
0.2,224,DBH>=5.0cm,27
0.1,205,PBH>=10.0cm,27
0.150,138,PBH>=15.7cm,27
0.1,257,PBH>=8.0cm,27
0.1279,423,PGH>=3.0cm,27
0.4,77,DBH>=10.0cm,28
0.4,90,DBH>=10.0cm,28
0.2,118,DBH>=10.0cm,28
0.4,154,DBH>=10.0cm,28
0.4,229,DBH>=10.0cm,28
0.4,263,DBH>=10.0cm,28
0.4,295,DBH>=10.0cm,28
0.21,168,DBH>10.0cm,28
0.25,190,DBH50<3.0cm,28
0.01,58,H>150cm&DBH<10.0cm,28
0.01,110,H>150cm&DBH<10.0cm,28
0.01,130,H>150cm&DBH<10.0cm,28
0.05,157,PBH>=10.0cm,28
0.2,105,PBH>=15.0cm,28
0.1,867,DBH>=1.60cm,29
0.4,109,DBH>=10.0cm,29
0.4,147,DBH>=10.0cm,29
0.25,201,DBH>=10.0cm,29
0.4,221,DBH>=10.0cm,29
0.4,226,DBH>=10.0cm,29
0.4,259,DBH>=10.0cm,29
0.4,280,DBH>=10.0cm,29
0.2,410,DBH>=10.0cm,29
0.2,410,DBH>=10.0cm,29
0.12,272,DBH>=15.7cm,29
0.1,303,DBH>=2.0cm,29
0.264,199,DBH>=4.8cm,29
0.08,141,DBH>=5.0cm,29
0.5,867,DBH>=5.0cm,29
0.5,867,DBH>=5.0cm,29
1,2179,DBH>=5.0cm,29
0.5,2182,DBH>3.0cm&H>300cm,29
0.2,519,DGH>=3.0cm,29
0.003,869,H<100cm,29
0.16,1778,H>=100cm,29
0.14,1892,PBH<30.0cm,29
0.06,170,PBH>=10.0cm,29
0.05,196,PBH>=10.0cm,29
0.08,321,PBH>=10.0cm,29
0.25,1718,PBH>=10.0cm,29
0.05,100,PBH>=15.0cm,29
0.4,445,PBH>=15.0cm,29
0.2,525,PBH>=15.0cm,29
0.2,537,PBH>=15.0cm,29
0.315,585,PBH>=15.0cm,29
0.3,163,PBH>=15.7cm,29
0.54,459,PBH>=15.7cm,29
0.0531,256,PBH>=3.0cm,29
0.18,93,DBH>=10.0cm,30
0.18,93,DBH>=10.0cm,30
0.4,118,DBH>=10.0cm,30
0.4,146,DBH>=10.0cm,30
0.4,165,DBH>=10.0cm,30
0.4,202,DBH>=10.0cm,30
0.4,237,DBH>=10.0cm,30
0.4,247,DBH>=10.0cm,30
0.4,292,DBH>=10.0cm,30
0.4,540,DBH>=10.0cm,30
0.1,158.0,DBH>=2.5cm,30
0.3,516,DBH>=5.0cm,30
0.5,1018,DBH>3.0cm&H>300cm,30
0.0142,80,DGH>=2.0cm,30
0.06,119,H>=150cm,30
0.15,535,H>250cm,30
0.01,495,PBH<=15.0cm,30
0.09,201,PBH>=15.0cm,30
1,1547,PBH>=15.0cm,30
1.05,442,PBH>=30.0cm,30
0.4,64,DBH>=10.0cm,31
0.4,66,DBH>=10.0cm,31
0.2,89,DBH>=10.0cm,31
0.2,100,DBH>=10.0cm,31
0.4,111,DBH>=10.0cm,31
0.2,131,DBH>=10.0cm,31
0.4,132,DBH>=10.0cm,31
0.4,181,DBH>=10.0cm,31
0.4,202,DBH>=10.0cm,31
0.4,221,DBH>=10.0cm,31
0.4,229,DBH>=10.0cm,31
0.42,229,DBH>=10.0cm,31
0.42,229,DBH>=10.0cm,31
0.25,250,DBH>=10.0cm,31
0.4,254,DBH>=10.0cm,31
0.4,306,DBH>=10.0cm,31
0.72,628,DBH>=10.0cm,31
0.1,133,DBH>=5.0cm,31
0.2,210,DBH>=5.0cm,31
0.2,975,DGH>=3.0cm,31
0.16,4337,H>=100cm,31
0.1,164,PBH>=15.0cm,31
0.05,182,PBH>=15.0cm,31
0.3,835,PBH>=15.0cm,31
0.012,248,20cm<H<100cm,32
0.4,79,DBH>=10.0cm,32
0.2,93,DBH>=10.0cm,32
0.4,121,DBH>=10.0cm,32
0.4,162,DBH>=10.0cm,32
0.24,186,DBH>=10.0cm,32
0.4,197,DBH>=10.0cm,32
0.4,211,DBH>=10.0cm,32
0.4,234,DBH>=10.0cm,32
0.5,286,DBH>=10.0cm,32
0.4,470,DBH>=10.0cm,32
0.1,29,DBH>=3.0cm,32
0.0777,216,DBH>=3.0cm,32
0.16,312,DBH>=4.8cm,32
0.15,160,DBH>=5.0cm,32
0.5,838,DBH>=5.0cm,32
0.0173,80,DGH>=2.0cm,32
0.16,2075,H>=100cm,32
0.16,2174,H>=100cm,32
0.38708,224,PBH>=15.0cm,32
0.264,282,PBH>=15.0cm,32
0.28,484,PBH>=15.0cm,32
1.250,303,PBH>=15.7cm,32
1,490,PBH>=15.7cm,32
0.09,214,PBH>=5.0cm,32
0.1,963,PGH>=5.0cm,32
0.0625,112,DBH>=1.0cm,33
0.4,81,DBH>=10.0cm,33
0.4,86,DBH>=10.0cm,33
0.4,97,DBH>=10.0cm,33
0.4,102,DBH>=10.0cm,33
0.4,135,DBH>=10.0cm,33
0.4,139,DBH>=10.0cm,33
0.4,157,DBH>=10.0cm,33
0.4,167,DBH>=10.0cm,33
0.4,184,DBH>=10.0cm,33
0.4,190,DBH>=10.0cm,33
0.4,193,DBH>=10.0cm,33
0.4,223,DBH>=10.0cm,33
0.4,239,DBH>=10.0cm,33
0.4,474,DBH>=10.0cm,33
0.2,151,DBH>=5.0cm,33
0.2,181,DBH>=5.0cm,33
0.12,218,DBH>=5.0cm,33
0.2,383,DBH>=5.0cm,33
0.6,457,DBH>=5.0cm,33.0
0.87,930,DBH>=5.0cm,33
0.12,209.0,PBH>=10.0cm,33
0.1,131,PBH>=15.0cm,33
0.2,221,PBH>=15.0cm,33
0.495,425,PBH>=15.0cm,33
0.2,499,PBH>=15.0cm,33
0.62,2189,PBH>=15.0cm,33
0.1,170,PBH>=15.7cm,33
0.1,182,PBH>=15.7cm,33
1.000,1692,PBH>=15.7cm,33
0.09,124,PBH>=5.0cm,33
0.075,1274,DBH<2.5cm,34
0.4,74,DBH>=10.0cm,34
0.4,81,DBH>=10.0cm,34
0.4,87,DBH>=10.0cm,34
0.4,108,DBH>=10.0cm,34
0.4,118,DBH>=10.0cm,34
0.4,140,DBH>=10.0cm,34
0.4,148,DBH>=10.0cm,34
0.4,190,DBH>=10.0cm,34
0.4,284,DBH>=10.0cm,34
0.4,513,DBH>=10.0cm,34
0.22,989,DBH>=4.8cm,34
0.2,165,DBH>=5.0cm,34
0.5,612,DBH>=5.0cm,34
0.3,827,DBH>=5.0cm,34
0.16,1778,H>=100cm,34
0.32,2159,H>130cm,34
0.12,587,PBH>=10.0cm,34
0.2,736,PBH>=10.0cm,34
0.225,204,PBH>=15.0cm,34
0.2,314,PBH>=15.0cm,34
0.850,656,PBH>=15.7cm,34
0.4,133,DBH>=10.0cm,35
0.24,154,DBH>=10.0cm,35
0.4,157,DBH>=10.0cm,35
0.4,188,DBH>=10.0cm,35
0.4,192,DBH>=10.0cm,35
0.40,213,DBH>=10.0cm,35
0.4,218,DBH>=10.0cm,35
0.4,231,DBH>=10.0cm,35
0.4,232,DBH>=10.0cm,35
0.4,290,DBH>=10.0cm,35
0.09,380,DBH>=2.5cm,35
0.2,325,DBH>=4.8cm,35
0.22,411,DBH>=4.8cm,35
0.14,162,DBH>=5.0cm,35
0.1,245,DBH>=5.0cm,35
0.1479,300,DBH>=5.0cm,35
0.2,424,DBH>=5.0cm,35
0.26,484,DBH>=5.0cm,35
0.6,716,DBH>=5.0cm,35
0.21,161,DBH>10.0cm,35
0.18,400,DGH>=3.0cm&H>=100cm,35
0.05,284,H>100cm&PGH<=10.0cm,35
0.1,512,PBH>=10.0cm,35
1,1187,PBH>=15.0cm,35
0.7,476,PBH>=30.0cm,35
0.16,440,PBH>=8.0cm,35
0.06,49,PBH>=9.0cm,35
0.1,109,PBH>15.0cm&H>300cm,35
0.4,100,DBH>=10.0cm,36
0.4,156,DBH>=10.0cm,36
0.4,173,DBH>=10.0cm,36
0.4,177,DBH>=10.0cm,36
0.4,195,DBH>=10.0cm,36
0.4,210,DBH>=10.0cm,36
0.4,231,DBH>=10.0cm,36
0.4,249,DBH>=10.0cm,36
0.4,280,DBH>=10.0cm,36
0.4,296,DBH>=10.0cm,36
0.4,312,DBH>=10.0cm,36
0.2,337,DBH>=10.0cm,36
0.2,337,DBH>=10.0cm,36
0.1,128,DBH>=5.0cm,36
0.2,155,DBH>=5.0cm,36
0.24,248,DBH>=5.0cm,36
0.3,274,DBH>=5.0cm,36
1,536,DBH>=5.0cm,36
0.21,198,DBH>10.0cm,36
0.375,107,PBH<=15.0cm,36
0.1125,366,PBH>=10.0cm,36
0.54,752,PBH>=10.0cm,36
0.21113,192,PBH>=15.0cm,36
0.28,499,PBH>=15.0cm,36
0.3,797,PBH>=15.0cm,36
1.05,390,PBH>=15.7cm,36
1.5,1348,PBH>=15.7cm,36
0.84,439,PBH>=30.0cm,36
0.2,1022,PBH>=5.0cm,36
0.1,220,PBH>20.0cm,36
0.1,677,PGH>=5.0cm,36
0.4,102,DBH>=10.0cm,37
0.4,172,DBH>=10.0cm,37
0.4,182,DBH>=10.0cm,37
0.4,195,DBH>=10.0cm,37
0.40,200,DBH>=10.0cm,37
0.4,214,DBH>=10.0cm,37
0.4,231,DBH>=10.0cm,37
0.4,231,DBH>=10.0cm,37
0.4,236,DBH>=10.0cm,37
0.4,257,DBH>=10.0cm,37
0.4,261,DBH>=10.0cm,37
0.4,301,DBH>=10.0cm,37
0.4,422,DBH>=10.0cm,37
0.22,510,DBH>=4.8cm,37
0.14,131,DBH>=5.0cm,37
0.12,203,DBH>=5.0cm,37
0.2747,424,DBH>=5.0cm,37
0.28,511,DBH>=5.0cm,37
0.8,673,DBH>=5.0cm,37
0.8,673,DBH>=5.0cm,37
0.5,1101,DBH>=5.0cm,37
0.5,1101,DBH>=5.0cm,37
1,1819,H>=200cm&PBH>=15.0cm,37
0.1,192,PBH>=10.0cm,37
0.12,373.0,PBH>=10.0cm,37
0.12,424,PBH>=10.0cm,37
0.2,595,PBH>=10.0cm,37
0.6,5124,PBH>=10.0cm,37
0.35,229,PBH>=15.0cm,37
0.315,515,PBH>=15.0cm,37
1.08,695,PBH>=15.0cm,37
1.06,716,PBH>=15.0cm,37
0.04,118,PBH>=20.0cm,37
0.48,1210,PBH>=5.0cm,37
0.25,713,PBH>=8.0cm,37
0.3,1076,PBH>20.0cm,37
1,1218,PGH>=9.0cm,37
0.08,689,DBH>=1.0cm,38
0.4,104,DBH>=10.0cm,38
0.4,149,DBH>=10.0cm,38
0.4,152,DBH>=10.0cm,38
0.4,155,DBH>=10.0cm,38
0.4,155,DBH>=10.0cm,38
0.4,192,DBH>=10.0cm,38
0.4,218,DBH>=10.0cm,38
0.4,222,DBH>=10.0cm,38
0.4,234,DBH>=10.0cm,38
0.16,190,DBH>=5.0cm,38
0.48,353,DBH>=5.0cm,38
0.16935,400,DBH>=5.0cm,38
0.27,536,DBH>=5.0cm,38
1,907,DBH>=5.0cm,38
1,452,DBH50>=3.0cm,38
0.1,272,H>=200cm&PBH>=15.0cm,38
0.09,193,PBH>=10.0cm,38
0.1,152,PBH>=15.0cm,38
0.1,160,PBH>=15.0cm,38
0.29,434,PBH>=15.0cm,38
0.21,463,PBH>=15.0cm,38
0.4,112,DBH>=10.0cm,39
0.4,145,DBH>=10.0cm,39
0.4,164,DBH>=10.0cm,39
0.288,170,DBH>=10.0cm,39
0.4,193,DBH>=10.0cm,39
0.4,210,DBH>=10.0cm,39
0.4,211,DBH>=10.0cm,39
0.4,234,DBH>=10.0cm,39
0.4,247,DBH>=10.0cm,39
0.4,266,DBH>=10.0cm,39
0.4,289,DBH>=10.0cm,39
0.4,341,DBH>=10.0cm,39
0.4,362,DBH>=10.0cm,39
0.5,410,DBH>=10.0cm,39
0.56,514,DBH>=10.0cm,39
0.1,358,DBH>=2.5cm,39
0.66,1047,DBH>=4.8cm,39
1,699,DBH>=5.0cm,39
1,734,DBH>=5.0cm,39.0
0.66,1047,DBH>=5.0cm,39
0.3,215,DBH30>=5.0cm,39.0
0.4,215,DBH30>=5.0cm,39.0
0.05,947,PBH<=15.0cm,39
0.2,607,PBH>=10.0cm,39
0.22,756,PBH>=10.0cm,39
0.05,100,PBH>=15.0cm,39
0.1720356114,160,PBH>=15.0cm,39
0.5,708,PBH>=15.0cm,39
1,1242,PBH>=15.0cm,39
0.52,286,PBH>=15.7cm,39
1.6,1263,PBH>=15.7cm,39
1.05,1360,PBH>=15.7cm,39
0.4,125,DBH>=10.0cm,40
0.4,129,DBH>=10.0cm,40
0.4,144,DBH>=10.0cm,40
0.4,158,DBH>=10.0cm,40
0.4,169,DBH>=10.0cm,40
0.4,203,DBH>=10.0cm,40
0.4,207,DBH>=10.0cm,40
0.4,208,DBH>=10.0cm,40
0.4,215,DBH>=10.0cm,40
0.4,245,DBH>=10.0cm,40
0.4,300,DBH>=10.0cm,40
0.644,360,DBH>=10.0cm,40
0.3,1140,DBH>=2.5cm,40
0.069,220,DBH>=3.0cm,40
0.264,278,DBH>=4.8cm,40
2.6,145,DBH>=5.0cm,40
0.7,347,DBH>=5.0cm,40
0.18,419,DBH>=5.0cm,40
0.495,702,DBH>=5.0cm,40
0.45,821,DBH>=5.0cm,40
0.09,287,PBH>=10.0cm,40
0.2,708,PBH>=10.0cm,40
2.5,318,PBH>=15.0cm,40
2.5,318,PBH>=15.0cm,40
0.25,489,PBH>=15.0cm,40
0.315,777,PBH>=15.0cm,40
0.13,280,PBH>=8.0cm,40
0.22,432,PBH>=8.0cm,40
0.19,435,PBH>=8.0cm,40
0.4,175,DBH>=10.0cm,41
0.4,183,DBH>=10.0cm,41
0.4,186,DBH>=10.0cm,41
0.4,195,DBH>=10.0cm,41
0.4,231,DBH>=10.0cm,41
0.4,274,DBH>=10.0cm,41
0.4,294,DBH>=10.0cm,41
2.5,502,DBH>=19.09cm,41
2.6,138,DBH>=5.0cm,41
0.3,202,DBH>=5.0cm,41
0.3,215,DBH>=5.0cm,41.0
0.2,300,DBH>=5.0cm,41
0.5,635,DBH>=5.0cm,41
0.6,640,DBH>=5.0cm,41
0.29,419,DBH>=5.0cm/DBH>=10.0cm,41
0.21,217,DBH>10.0cm,41
0.084,1452,H>200cm,41
0.35,512,PBH>=10.0cm,41
0.12,786,PBH>=10.0cm,41
0.9,1368,PBH>=5.0cm,41
0.19,361,PBH>=8.0cm,41
0.5,2253,PBH>3.0cm&H>=150cm,41
0.025,204,PGH30<=15.0cm,41
0.15,1239,4.7cm<PBH<20.0cm,42
0.4,133,DBH>=10.0cm,42
0.4,135,DBH>=10.0cm,42
0.4,138,DBH>=10.0cm,42
0.4,139,DBH>=10.0cm,42
0.4,167,DBH>=10.0cm,42
0.4,168,DBH>=10.0cm,42
0.4,209,DBH>=10.0cm,42
0.4,215,DBH>=10.0cm,42
0.4,216,DBH>=10.0cm,42
0.54,226,DBH>=10.0cm,42
0.4,238,DBH>=10.0cm,42
0.4,269,DBH>=10.0cm,42
1,306,DBH>=10.0cm,42
1.00,306,DBH>=10.0cm,42
1,290,DBH>=20.0cm,42
0.8,790,DBH>=5.0cm,42.0
0.584,970,DBH>=5.0cm,42
1,1562,DBH>=5.0cm,42
0.012,21,H>30cm&PBH<15.0cm,42
0.05,100,PBH>=15.0cm,42
0.33,675,PBH>=15.0cm,42
0.33,675,PBH>=15.0cm,42
0.900,671,PBH>=15.7cm,42
0.900,1306,PBH>=15.7cm,42
0.25,276,PBH>=20.0cm,42
0.4,112,DBH>=10.0cm,43
0.4,123,DBH>=10.0cm,43
0.4,140,DBH>=10.0cm,43
0.4,144,DBH>=10.0cm,43
0.4,148,DBH>=10.0cm,43
0.4,152,DBH>=10.0cm,43
0.4,167,DBH>=10.0cm,43
0.4,167,DBH>=10.0cm,43
0.4,170,DBH>=10.0cm,43
0.4,213,DBH>=10.0cm,43
0.4,223,DBH>=10.0cm,43
0.4,224,DBH>=10.0cm,43
0.4,287,DBH>=10.0cm,43
0.4,343,DBH>=10.0cm,43
0.4,368,DBH>=10.0cm,43
0.1,18,DBH>=3.0cm,43
0.1,152,DBH>=5.0cm,43
0.5,289,DBH>=5.0cm,43
0.24,305,DBH>=5.0cm,43
0.18,374,DBH>=5.0cm,43
0.3,483,DBH>=5.0cm,43
1,1135,DiÃ¢metro de copa>=50cm,43
0.0325,134,H>100cm&PBH<15.0cm,43
0.15,238,PBH>=15.0cm,43
0.2,283,PBH>=15.0cm,43
0.45,353,PBH>=15.0cm,43
0.16,359,PBH>=15.0cm,43
0.44,522,PBH>=15.0cm,43
0.2,247,PBH>=15.71cm,43
0.3,349,PBH>=15.7cm,43
0.2,421,PBH>=15.7cm,43
2,1975,PBH>=15.7cm,43
1,835,PBH>=30.0cm,43
0.25,520,PBH>=8.0cm,43
8.7,2273,PBH>60.0cm,43
0.125,2808,20cm<H<200cm,44
0.4,118,DBH>=10.0cm,44
0.4,133,DBH>=10.0cm,44
0.4,144,DBH>=10.0cm,44
0.4,147,DBH>=10.0cm,44
0.4,151,DBH>=10.0cm,44
0.4,158,DBH>=10.0cm,44
0.4,166,DBH>=10.0cm,44
0.3,195,DBH>=10.0cm,44
0.4,222,DBH>=10.0cm,44
0.96,258,DBH>=10.0cm,44
0.4,265,DBH>=10.0cm,44
0.4,274,DBH>=10.0cm,44
0.4,289,DBH>=10.0cm,44
0.75,396,DBH>=10.0cm,44
0.1,357,DBH>=2.5cm,44
1,591,DBH>=5.0cm,44.0
1,591,DBH>=5.0cm,44
1,1178,DBH>=5.0cm,44
0.2,231,PBH>=15.0cm,44
0.0836,250,PBH>=15.0cm,44
0.1465,250,PBH>=15.0cm,44
1.25,637,PBH>=15.7cm,44
0.75,851,PBH>=15.7cm,44
0.28,560,PBH>=8.0cm,44
0.38,753,PBH>=8.0cm,44
0.15,307,PBH>15.0cm,44
1,1298,PGH30>=15.0cm,44.0
0.7,3585,DBH>=1.60cm,45
0.4,118,DBH>=10.0cm,45
0.4,142,DBH>=10.0cm,45
0.4,172,DBH>=10.0cm,45
0.4,177,DBH>=10.0cm,45
0.4,194,DBH>=10.0cm,45
0.4,206,DBH>=10.0cm,45
0.4,235,DBH>=10.0cm,45
0.4,236,DBH>=10.0cm,45
0.4,242,DBH>=10.0cm,45
0.4,256,DBH>=10.0cm,45
0.4,261,DBH>=10.0cm,45
0.4,271,DBH>=10.0cm,45
0.4,286,DBH>=10.0cm,45
0.22,285,DBH>=5.0cm,45
0.375,403,DBH>=5.0cm,45
1,737,DBH>=5.0cm,45
0.5,938,DBH>=5.0cm,45
1,1733,DBH>=5.0cm,45
0.075,499,H>=100cm&DBH<5.0cm,45
0.5,636,PBH>=15.0cm,45
0.300,232,PBH>=15.7cm,45
0.21978,485.6,PBH>20.0cm,45
0.45,800,PGH>=15.0cm,45
0.81,625,5.0cm<=DBH<=10.0cm/DBH>=10.0cm,46
0.4,151,DBH>=10.0cm,46
0.4,161,DBH>=10.0cm,46
0.4,165,DBH>=10.0cm,46
0.4,175,DBH>=10.0cm,46
0.4,184,DBH>=10.0cm,46
0.4,205,DBH>=10.0cm,46
0.4,220,DBH>=10.0cm,46
0.4,252,DBH>=10.0cm,46
0.4,312,DBH>=10.0cm,46
0.4,313,DBH>=10.0cm,46
0.4,398,DBH>=10.0cm,46
0.3,519,DBH>=4.8cm,46
0.1,190,DBH>=5.0cm,46.0
0.2,212,DBH>=5.0cm,46
0.2,239,DBH>=5.0cm,46
0.4,400,DBH>=5.0cm,46
0.3,407,DBH>=5.0cm,46
0.3,499,DBH>=5.0cm,46
0.64,735,DBH>=5.0cm,46
0.64,736,DBH>=5.0cm,46
0.09,153,PBH>=10.0cm,46
0.05,100,PBH>=15.0cm,46
1.2,1125,PBH>=15.0cm,46
1,1190,PBH>=15.0cm,46
0.75,672,PBH>=15.7cm,46
1.000,2259,PBH>=15.7cm,46
0.5,1345,PBH>=15.8cm,46
0.4,156,DBH>=10.0cm,47
0.4,266,DBH>=10.0cm,47
0.4,281,DBH>=10.0cm,47
0.4,298,DBH>=10.0cm,47
0.5481,500,DBH>=10.0cm,47
0.1,177,DBH>=5.0cm,47
0.12,222,DBH>=5.0cm,47
0.3,404,DBH>=5.0cm,47
0.625,589,DBH>=5.0cm,47
1,1463,DBH30>=5.0cm,47
0.6,850,H>100cm,47
0.1,376,H>100cm&PGH<=10.0cm,47
0.25,776,PBH>=10.0cm,47
0.6,463,PBH>=15.0cm,47
0.3,465,PBH>=15.0cm,47
0.6,1147,PBH>=6.0cm,47
0.4,121,DBH>=10.0cm,48
0.4,137,DBH>=10.0cm,48
0.4,163,DBH>=10.0cm,48
0.4,174,DBH>=10.0cm,48
0.4,186,DBH>=10.0cm,48
0.4,198,DBH>=10.0cm,48
0.4,201,DBH>=10.0cm,48
0.4,201,DBH>=10.0cm,48
0.4,277,DBH>=10.0cm,48
0.4,300,DBH>=10.0cm,48
0.4,316,DBH>=10.0cm,48
5,1400,DBH>=20.0cm,48
0.056,307,DBH>=3.0cm,48
0.175,377,DBH>=3.2cm,48
0.125,200,DBH>=5.0cm,48
0.24,352,DBH>=5.0cm,48
0.3,546,DBH>=5.0cm,48
1,574,DBH>=5.0cm,48
1,674,DBH>=5.0cm,48.0
1,688,DBH>=5.0cm,48.0
1,688,DBH>=5.0cm,48
1,924,DBH>=5.0cm,48.0
0.24,385,PBH>=15.0cm,48
0.16,396,PBH>=15.0cm,48
1,1904,PBH>=15.0cm,48
0.300,319,PBH>=15.7cm,48
4,3698,PBH>=15.7cm,48
1,707,PBH>=30.0cm,48
0.22,630,PBH>=8.0cm,48
0.035,344,10cm<H<300cm,49
0.2,152,DBH>=10.0cm,49
0.4,167,DBH>=10.0cm,49
0.4,182,DBH>=10.0cm,49
0.4,199,DBH>=10.0cm,49
0.4,202,DBH>=10.0cm,49
0.4,207,DBH>=10.0cm,49
0.4,210,DBH>=10.0cm,49
0.4,234,DBH>=10.0cm,49
0.4,236,DBH>=10.0cm,49
0.4,265,DBH>=10.0cm,49
0.4,279,DBH>=10.0cm,49
0.4,304,DBH>=10.0cm,49
5,922,DBH>=20.0cm,49
0.1,144,DBH>=5.0cm,49
0.12,260,DBH>=5.0cm,49
0.2,367,DBH>=5.0cm,49
0.5805,517,DBH>=5.0cm,49
0.52,827,DBH>=5.0cm,49
0.5,1422,DBH>=5.0cm,49
0.2,1307,DGH>=3.0cm,49
1,1029,DGH30>5.0cm,49
0.25,218,PBH>=15.0cm,49
0.1342,250,PBH>=15.0cm,49
0.15,273,PBH>=15.0cm,49
1.08,913,PBH>=15.0cm,49
1,1096,PBH>=15.0cm,49
0.45,1651,PBH>=15.0cm,49
0.75,245,PBH>=15.7cm,49
0.2,309,PBH>=15.8cm,49
0.5,1180,PBH>=15.8cm,49
0.6,327,PBH>=20.0cm,49
0.16,581,DBH>=1.60cm,50
0.4,152,DBH>=10.0cm,50
0.4,179,DBH>=10.0cm,50
0.4,196,DBH>=10.0cm,50
0.4,212,DBH>=10.0cm,50
0.4,214,DBH>=10.0cm,50
0.4,229,DBH>=10.0cm,50
0.4,274,DBH>=10.0cm,50
1,583,DBH>=10.0cm,50
2.9,1163,DBH>=10.0cm,50
0.1,276,DBH>=2.5cm,50
0.12,189,DBH>=5.0cm,50
0.3,444,DBH>=5.0cm,50
0.4,700,DBH>=5.0cm,50
1,877,DBH>=5.0cm,50
1,897,DBH>=5.0cm,50
0.56,1547,DBH>=5.0cm,50
0.12,236,PBH>=15.0cm,50
0.2,331,PBH>=15.0cm,50
1.65,2538,PBH>=15.0cm,50
0.3,984,PBH>=15.0cm/PBH>=10.0cm,50
0.48,525,PBH>=15.7cm,50
0.4,144,DBH>=10.0cm,51
0.4,148,DBH>=10.0cm,51
0.2,156,DBH>=10.0cm,51
0.4,167,DBH>=10.0cm,51
0.4,190,DBH>=10.0cm,51
0.4,191,DBH>=10.0cm,51
0.4,201,DBH>=10.0cm,51
0.4,201,DBH>=10.0cm,51
0.4,208,DBH>=10.0cm,51
0.4,222,DBH>=10.0cm,51
0.4,227,DBH>=10.0cm,51
0.4,238,DBH>=10.0cm,51
0.4,256,DBH>=10.0cm,51
0.4,280,DBH>=10.0cm,51
0.4,294,DBH>=10.0cm,51
0.288,772,DBH>=2.5cm,51
0.1,147,DBH>=5.0cm,51
0.7,401,DBH>=5.0cm,51
0.36,735,DBH>=5.0cm,51
1,860,DBH>=5.0cm,51
1,1431,DBH>=5.0cm,51
1.08,2064,DBH>=5.0cm,51
0.4,384,DBH30>=5.0cm,51
0.02,1042,H>=50cm,51
0.2,683,PBH>=10.0cm,51
0.0906,250,PBH>=15.0cm,51
0.25,502,PBH>=15.0cm,51
0.85,674,PBH>=15.7cm,51
0.750,811,PBH>=15.7cm,51
0.19,526,PBH>=8.0cm,51
0.4,133,DBH>=10.0cm,52
0.4,204,DBH>=10.0cm,52
0.4,209,DBH>=10.0cm,52
0.4,218,DBH>=10.0cm,52
0.4,238,DBH>=10.0cm,52
0.4,241,DBH>=10.0cm,52
0.4,257,DBH>=10.0cm,52
0.4,263,DBH>=10.0cm,52
0.4,327,DBH>=10.0cm,52
5,893,DBH>=20.0cm,52
0.0707,307,DBH>=3.0cm,52
0.12,188,DBH>=5.0cm,52
0.5,512,DBH>=5.0cm,52
0.37,520,DBH>=5.0cm,52
1,638,DBH>=5.0cm,52
1,861,DBH>=5.0cm,52.0
0.6,1248,DBH>=5.0cm,52
0.0036,589,DGH<3.0cm&H>5.0cm,52
0.1,306,DGH>=3.0cm,52
0.32,2970,DGH>=3.0cm,52
0.12,432.0,PBH>=10.0cm,52
0.18,373,PBH>=15.0cm,52
0.5,745,PBH>=15.0cm,52
0.42,989,PBH>=15.0cm,52
1.000,802,PBH>=15.7cm,52
0.475,830,PBH>=15.7cm,52
0.4,224,DBH>=10.0cm,53
0.4,252,DBH>=10.0cm,53
0.4,262,DBH>=10.0cm,53
0.98,745,DBH>=10.0cm,53
1.9,1885,DBH>=10.0cm,53
0.08,152,DBH>=15.7cm,53
0.8,3048,DBH>=3.0cm,53
0.12,223,DBH>=5.0cm,53
0.3,239,DBH>=5.0cm,53
0.3,255,DBH>=5.0cm,53.0
0.2,269,DBH>=5.0cm,53
0.2,277,DBH>=5.0cm,53
1,778,DBH>=5.0cm,53
0.56,1495,DBH>=5.0cm,53
1,1660,DBH>=5.0cm,53
1,1703,DBH>=5.0cm,53
0.155,943,H>100cm,53
0.025,206,H>10cm&DGH<3.0cm,53
0.32,1083,H>130cm,53
0.2029,360,PBH>=15.0cm,53.0
0.3,466,PBH>=15.0cm,53
1,1586,PBH>=15.0cm,53
0.1,197,PBH>=15.7cm,53
1.000,1867,PBH>=15.7cm,53
1.500,2380,PBH>=15.7cm,53
3.22,3823,PBH>=15.7cm,53
0.2,782,PGH>=10.0cm,53
0.02,582,30cm<=H<=150cm,54
0.4,146,DBH>=10.0cm,54
0.4,158,DBH>=10.0cm,54
0.4,170,DBH>=10.0cm,54
0.4,170,DBH>=10.0cm,54
0.4,194,DBH>=10.0cm,54
0.4,222,DBH>=10.0cm,54
0.4,232,DBH>=10.0cm,54
0.4,257,DBH>=10.0cm,54
0.4,285,DBH>=10.0cm,54
0.4,285,DBH>=10.0cm,54
0.4,294,DBH>=10.0cm,54
0.4,334,DBH>=10.0cm,54
0.75,427,DBH>=10.0cm,54
0.3,263,DBH>=5.0cm,54
0.3,280,DBH>=5.0cm,54.0
0.5,287,DBH>=5.0cm,54
0.37915,400,DBH>=5.0cm,54
0.3,420,DBH>=5.0cm,54
0.5,1097,DBH>=5.0cm,54
1,1144,DBH>=5.0cm,54
2.4,1444,DBH>=5.0cm,54
0.6,1952,DGH>=3.0cm&H>=100cm,54
0.48,8557,H>=100cm,54
0.2,708,PBH>=10.0cm,54
0.4,307,PBH>=15.0cm,54
0.3,357,PBH>=15.0cm,54
0.3,365,PBH>=15.0cm,54
0.3,500,PBH>=15.0cm,54
0.5,531,PBH>=15.0cm,54
0.56,1013,PBH>=15.0cm,54
1,1395,PBH>=15.7cm,54
1.4,581,PBH>=30.0cm,54
1.4,592,PBH>=30.0cm,54
1,848,PBH>=30.0cm,54
0.43,894,PBH>15.0cm,54
0.4,191,DBH>=10.0cm,55
0.4,206,DBH>=10.0cm,55
0.4,234,DBH>=10.0cm,55
0.4,314,DBH>=10.0cm,55
9,2202,DBH>=20.0cm,55
0.105,307,DBH>=3.0cm,55
0.0653,317,DBH>=3.0cm,55
0.3,399,DBH>=4.8cm,55
0.12,259,DBH>=5.0cm,55
0.12,287,DBH>=5.0cm,55
0.24024,400,DBH>=5.0cm,55
0.3,638,DBH>=5.0cm,55
1,1855,DBH>=5.0cm&H>500cm,55
1,1855,DBH>=5.0cm&H>500cm,55
0.3,379,DBH30>=5.0cm,55
0.5,495,DGH>=5.0cm,55
0.72,4505,H>100cm,55
0.12,477.0,PBH>=10.0cm,55
0.2,955,PBH>=10.0cm,55
0.115,200,PBH>=15.0cm,55
0.25,418,PBH>=15.0cm,55
0.625,609,PBH>=15.7cm,55
0.625,609,PBH>=15.7cm,55
1.5,1341,PBH>=15.7cm,55
1,765,PBH>=30.0cm,55
0.35,747,PBH>=8.0cm,55
0.27,1256,PBH>=8.0cm,55
0.16,331.1,PBH>20.0cm,55
0.2,180,DBH>=10.0cm,56
0.4,199,DBH>=10.0cm,56
0.4,214,DBH>=10.0cm,56
0.4,216,DBH>=10.0cm,56
0.4,228,DBH>=10.0cm,56
0.4,230,DBH>=10.0cm,56
0.4,297,DBH>=10.0cm,56
0.4,304,DBH>=10.0cm,56
0.75,949,DBH>=10.0cm,56
5,1181,DBH>=20.0cm,56
0.0895,366,DBH>=3.0cm,56
0.15,242,DBH>=4.8cm,56
0.5,599,DBH>=5.0cm,56
0.5,1715,DBH>=5.0cm,56
0.5,1715,DBH>=5.0cm,56
2,1918,DBH>=5.0cm,56
0.5,405,DBH>=7.0cm,56
1,1036,DBH30>=5.0cm,56
0.5,2019,DGH>=3.0cm,56
0.0375,407,H>=100cm&DBH<5.0cm,56
0.105,2040,H>=50cm,56
0.1,940,H>100cm&PBH<15.0cm,56
0.018,291,H>15cm&PGH<7.0cm,56
0.1125,304,PBH>=10.0cm,56
0.2,254,PBH>=15.0cm,56
0.2,282,PBH>=15.0cm,56
0.4,312,PBH>=15.0cm,56
0.25,356,PBH>=15.0cm,56
0.4733541083,360,PBH>=15.0cm,56
0.44,678,PBH>=15.0cm,56
1.08,1719,PBH>=15.0cm,56
0.35,391,PBH>=5.0cm,56
0.2,426,PBH>20.0cm,56
0.4,140,DBH>=10.0cm,57
0.4,174,DBH>=10.0cm,57
0.4,186,DBH>=10.0cm,57
0.4,216,DBH>=10.0cm,57
0.4,246,DBH>=10.0cm,57
0.4,289,DBH>=10.0cm,57
0.4,349,DBH>=10.0cm,57
0.5,1223,DBH>=2.5cm,57
0.85,663,DBH>=4.8cm,57
1,795,DBH>=5.0cm,57
1.56,2051,DBH>=5.0cm,57
0.2,288,DBH30>=5.0cm,57
0.3,288,DBH30>=5.0cm,57.0
1.02,18245,H>=100cm,57
0.374,700,H>=100cm&PBH>=10.0cm,57
0.106,240,PBH>=10.0cm,57
0.16,395,PBH>=15.0cm,57
0.16,395,PBH>=15.0cm,57
1,1279,PBH>=15.0cm,57
1,2195,PBH>=15.0cm,57
0.600,472,PBH>=15.7cm,57
1,755,PBH>=30.0cm,57
0.2,556,PGH>=10.0cm,57
0.4,254,DBH>=10.0cm,58
0.96,306,DBH>=10.0cm,58
1,476,DBH>=10.0cm,58
0.2,280,DBH>=5.0cm,58
0.25,311,DBH>=5.0cm,58
0.7,1004,DBH>=5.0cm,58
0.18,1857,H>130cm,58
0.25,244,PBH>=15.0cm,58
0.3,305,PBH>=15.0cm,58
0.25,309,PBH>=15.0cm,58
0.294,400,PBH>=15.0cm,58
1,1427,PBH>=15.0cm,58
0.75,1501,PBH>=15.0cm,58
1,1760,PBH>=15.0cm,58
0.750,745,PBH>=15.7cm,58
4,3252,PBH>=15.7cm,58
1,893,PBH>=30.0cm,58
0.4,175,DBH>=10.0cm,59
0.4,197,DBH>=10.0cm,59
0.4,214,DBH>=10.0cm,59
0.4,225,DBH>=10.0cm,59
0.4,329,DBH>=10.0cm,59
1,506,DBH>=10.0cm,59
10,2121,DBH>=20.0cm,59
0.5,1744,DBH>=3.5cm,59
0.3,231,DBH>=5.0cm,59
0.2,307,DBH>=5.0cm,59
1,769,DBH>=5.0cm,59
0.5,1571,DGH>=3.0cm,59
0.5,3531,DGH>=3.0cm,59
0.07,629,H>=130cm,59
0.3,317,PBH>=10.0cm,59
0.25,380,PBH>=15.0cm,59
0.25,512,PBH>=15.0cm,59
1,864,PBH>=30.0cm,59
1,878,PBH>=30.0cm,59
0.2,114,PBH>=40.0cm,59
0.4,197,DBH>=10.0cm,60
0.2,198,DBH>=10.0cm,60
0.4,202,DBH>=10.0cm,60
0.4,214,DBH>=10.0cm,60
0.4,246,DBH>=10.0cm,60
0.4,249,DBH>=10.0cm,60
0.4,256,DBH>=10.0cm,60
0.4,262,DBH>=10.0cm,60
0.4,265,DBH>=10.0cm,60
0.4,265,DBH>=10.0cm,60
0.4,293,DBH>=10.0cm,60
0.4,299,DBH>=10.0cm,60
1,442,DBH>=10.0cm,60
1,564,DBH>=10.0cm,60
1,607,DBH>=10.0cm,60
0.25,505,DBH>=2.5cm,60
10,1544,DBH>=20.0cm,60
0.8,3030,DBH>=3.0cm,60
0.12,200,DBH>=5.0cm,60
0.35,520,DBH>=5.0cm,60
0.53,842,DBH>=5.0cm,60
1,1035,DBH>=5.0cm,60
0.8,486,DBH>10.0cm,60.0
1.125,1378,DGH>=5.0cm,60
0.9,1512,DGH>=5.0cm,60
0.084,1554,H>200cm,60
0.16,469,PBH>=10.0cm,60
0.23,656,PBH>=10.0cm,60
0.25,425,PBH>=15.0cm,60
0.16,465,PBH>=15.0cm,60
0.4,607,PBH>=15.0cm,60
1,1398,PGH>=10.0cm,60
0.2,206,DBH>=10.0cm,61
14.8,1051,DBH>=25.0cm,61
1,1180,DBH>=4.8cm,61
0.4,609,DBH>=5.0cm,61
0.5,620,DBH>=5.0cm,61
1.15,661,DBH>=5.0cm,61
1,664,DBH30>=5.0cm,61
0.4096,3690,H>=100cm,61
0.6,2036,PBH>=10.0cm,61
0.3,453,PBH>=15.0cm,61
1,1104,PBH>=15.0cm,61
0.45,460,PBH>=15.7cm,61
1.12,734,PBH>=30.0cm,61
1,894,PBH>=30.0cm,61
1,958,PBH>=30.0cm,61
0.2,673,PGH>=10.0cm,61
1.7,110,DBH>=10.0cm,62
0.2,121,DBH>=10.0cm,62
0.4,180,DBH>=10.0cm,62
0.4,204,DBH>=10.0cm,62
0.4,208,DBH>=10.0cm,62
0.4,220,DBH>=10.0cm,62
0.4,296,DBH>=10.0cm,62
0.4,297,DBH>=10.0cm,62
0.4,365,DBH>=10.0cm,62
0.264,330,DBH>=4.8cm,62
1,1553,DBH>=5.0cm,62
0.07,970,H>=130cm,62
1,1896,H>=200cm&PBH>=15.0cm,62
0.05,1424,H>50cm&DBH<5.0cm,62
0.2,418,PBH>=10.0cm,62
0.1,152,PBH>=15.0cm,62
0.2,294,PBH>=15.0cm,62
0.2,313,PBH>=15.0cm,62
0.21,348,PBH>=15.0cm,62
0.6,749,PBH>=15.0cm,62
1,1005,PBH>=30.0cm,62
10,2230,PBH>=60.0cm,62
0.45,383,5.0cm<=DBH<=10.0cm/DBH>=10.0cm,63
0.2,121,DBH>=10.0cm,63
0.2,156,DBH>=10.0cm,63
0.4,211,DBH>=10.0cm,63
0.4,225,DBH>=10.0cm,63
0.4,356,DBH>=10.0cm,63
2,1188,DBH>=10.0cm,63
0.26,591,DBH>=2.5cm,63
0.15,451,DBH>=4.8cm,63
0.25,565,DBH>=5.0cm,63
0.75,922,DBH>=5.0cm,63
1,1175,DBH>=5.0cm,63
0.3,429,DGH>=3.0cm&H>=100cm,63
0.06,452,H>100cm&DBH>=1cm,63
0.25,857,H>100cm&DBH>1.0cm,63
0.35,438,PBH>=10.0cm,63
0.2,272,PBH>=15.0cm,63
1,1174,PBH>=15.0cm,63
0.2,1040,PBH>=5.0cm,63
0.2,188,PGH>=30.0cm,63
0.02,1016,30cm<=H<=150cm,64
0.2,127,DBH>=10.0cm,64
0.4,328,DBH>=10.0cm,64
0.4,340,DBH>=10.0cm,64
1,539,DBH>=10.0cm,64
0.075,105,DBH>=2.5cm&H>200cm,64
1.8,2050,DBH>=4.8cm,64
0.225,239,DBH>=5.0cm,64
0.3,283,DBH>=5.0cm,64
1,2209,DBH>=5.0cm,64
0.625,3428,DGH>=3.0cm,64.0
0.084,192,PBH>=15.0cm,64
0.084,192,PBH>=15.0cm,64
0.5,912,PBH>=15.0cm,64
0.35,1191,PBH>=15.0cm,64
1.2,2034,PBH>=15.0cm,64
0.32,273,PBH>=30.0cm,64
10,8850,PBH>=30.0cm,64
0.075,1152,3.0cm<PGH<15.0cm,65
0.4,234,DBH>=10.0cm,65
0.4,251,DBH>=10.0cm,65
0.4,280,DBH>=10.0cm,65
1.0316,500,DBH>=10.0cm,65
0.2216,452,DBH>=3.0cm,65
0.2,221,DBH>=5.0cm,65
0.3,392,DBH>=5.0cm,65
0.5,557,DBH>=5.0cm,65
0.0025,399,DGH<=1.0cm,65
0.2,181,PBH>=15.0cm,65
0.6,661,PBH>=15.0cm,65
0.5,863,PBH>=15.0cm,65
0.81,1143,PBH>=15.0cm,65
1.000,801,PBH>=15.7cm,65
0.4,1049,PBH>=15.7cm,65
1.000,1097,PBH>=15.7cm,65
1,432,PBH>=45.0cm,65
0.1744,622,100cm<H<500cm,66
0.6,1992,DBH>=1.59cm,66
0.4,258,DBH>=10.0cm,66
0.4,260,DBH>=10.0cm,66
0.4,326,DBH>=10.0cm,66
0.45,410,DBH>=3.0cm&H>=200cm,66.0
0.2,371,DBH>=5.0cm,66
1,704,DBH>=5.0cm,66
1,1059,DBH>=5.0cm,66
0.81,1180,DBH>=5.0cm,66
1.48,2264,DBH>=5.0cm,66
0.4,563,DBH30>=5.0cm,66
0.025,690,H>=50cm&PBH>=15.0cm,66
0.9,661,PBH>=10.0cm,66
0.3,1085,PBH>=10.0cm,66
0.2,226,PBH>=14.0cm,66
0.3,416,PBH>=15.0cm,66
0.6,864,PBH>=15.0cm,66
0.35,1016,PBH>=15.0cm,66
1,1019,PBH>=15.0cm,66
0.375,487,PBH>=15.7cm,66
0.9,647,PBH>=15.7cm,66
0.46,944,PBH>=15.7cm,66
0.075,1405,3.0cm<PGH<15.0cm,67
0.2,231,DBH>=10.0cm,67
0.4,232,DBH>=10.0cm,67
0.4,237,DBH>=10.0cm,67
0.4,345,DBH>=10.0cm,67
1,549,DBH>=10.0cm,67
0.22,362,DBH>=5.0cm,67
0.52,757,DBH>=5.0cm,67
1,802,DBH>=5.0cm,67
0.5,1040,DBH>=5.0cm,67
1,1394,DBH30>=5.0cm,67
0.4,527,PBH>=10.0cm,67
0.2,269,PBH>=15.0cm,67
0.351,480,PBH>=15.0cm,67
1,802,PBH>=15.0cm,67
1.08,1079,PBH>=15.0cm,67
0.6,1169,PBH>=15.7cm,67
0.25,184,PBH>=20.0cm,67
0.75,861,PBH>=20.0cm,67
1,925,PBH>=30.0cm,67
0.2,1778,PGH>=9.0cm,67
0.4,249,DBH>=10.0cm,68
0.4,251,DBH>=10.0cm,68
0.4,260,DBH>=10.0cm,68
0.4,264,DBH>=10.0cm,68
0.4,277,DBH>=10.0cm,68
0.1048,335,DBH>=3.0cm,68
0.22,353,DBH>=4.8cm,68
0.1,117,DBH>=5.0cm,68
0.2,190,DBH>=5.0cm,68
0.3,326,DBH>=5.0cm,68
1,1991,DBH>=5.0cm,68
1.2,1434,PBH>=10.0cm,68
0.2,190,PBH>=15.0cm,68
0.084,192,PBH>=15.0cm,68
0.1225,250,PBH>=15.0cm,68
0.2746,368,PBH>=15.0cm,68
0.35,384,PBH>=15.0cm,68
1.500,2331,PBH>=15.7cm,68
2,956,PBH>=30.0cm,68
0.2,1094,PBH>=5.0cm,68
0.4,161,DBH>=10.0cm,69
0.4,174,DBH>=10.0cm,69
0.2,192,DBH>=10.0cm,69
0.4,202,DBH>=10.0cm,69
0.4,225,DBH>=10.0cm,69
0.4,252,DBH>=10.0cm,69
0.4,265,DBH>=10.0cm,69
0.4,275,DBH>=10.0cm,69
0.024,276,DBH>=2.5cm,69
0.1343,468,DBH>=3.0cm,69
1,1024,DBH>=4.8cm,69
1.12,1265,DBH>=5.0cm,69
1,2236,DBH>=5.0cm,69
1,2236,DBH>=5.0cm,69
1,981,DBH30>=5.0cm,69
1,1348,DBH30>=5.0cm,69
0.57,1596,DGH>=1.0cm,69.0
0.15,1122,H>100cm,69
0.06,553,H>100cm&DBH>=1cm,69
0.25,1182,H>100cm&PBH<15.0cm,69
0.025,638,PBH<=15.0cm,69.0
0.2,418,PBH>=10.0cm,69
0.1,196,PBH>=15.0cm,69
0.203018,296,PBH>=15.0cm,69
1,958,PBH>=15.0cm,69
0.4,218,DBH>=10.0cm,70
0.4,274,DBH>=10.0cm,70
0.4,278,DBH>=10.0cm,70
0.4,288,DBH>=10.0cm,70
0.4,297,DBH>=10.0cm,70
0.4,342,DBH>=10.0cm,70
0.4,398,DBH>=10.0cm,70
0.25,1146,DBH>=2.0cm,70
0.26,724,DBH>=2.5cm,70
1,1413,DBH>=4.8cm,70
0.2,263,DBH>=5.0cm,70
0.24,341,DBH>=5.0cm,70
0.34,464,DBH>=5.0cm,70
1,827,DBH>=5.0cm,70
1,1679,DBH>=5.0cm,70
0.36,821,DBH50>=5.0cm,70
0.2,263,PBH>=15.0cm,70
0.56,782,PBH>=15.0cm,70
1,827,PBH>=15.0cm,70
0.375,509,PBH>=15.7cm,70
0.2,150,DBH>=10.0cm,71
0.4,275,DBH>=10.0cm,71
0.4,352,DBH>=10.0cm,71
0.4,438,DBH>=10.0cm,71
0.4,543,DBH>=10.0cm,71
2.6,1225,DBH>=10.0cm,71
10,2630,DBH>=20.0cm,71
0.5,745,DBH>=5.0cm,71
0.54,811,DBH>=5.0cm,71
1,1532,DBH>=5.0cm,71
1,1779,DBH>=5.0cm,71
1.92,3352,DBH>=5.0cm,71
0.225,1513,DGH>=3.0cm,71
0.08,820,H>=130cm,71
0.1,108,PBH>=15.0cm,71
0.1,182,PBH>=15.0cm,71
0.2,368,PBH>=15.0cm,71
0.4,486,PBH>=15.0cm,71
0.3,495,PBH>=15.0cm,71
0.6,564,PBH>=15.0cm,71
0.5,1542,PBH>=15.0cm,71
1.000,1494,PBH>=15.7cm,71
1,1058,PBH>=30.0cm,71
0.186,254,PBH>=5.0cm,71
0.6,3561,PBH>=6.0cm,71
0.2,1187,PGH>=10.0cm,71
0.28,193,DBH>=10.0cm,72
0.4,230,DBH>=10.0cm,72
0.4,414,DBH>=10.0cm,72
26,18427,DBH>=10.0cm,72
1,635,DBH>=5.0cm,72
1,1415,DBH>=5.0cm,72
0.2,1439,H>=130cm,72
0.2,314,PBH>=15.0cm,72
0.2,361,PBH>=15.0cm,72
1,1229,PBH>=15.0cm,72
1,1238,PBH>=15.0cm,72
0.4,562,PBH>=20.0cm,72
0.25,539,PBH>10.0cm,72
0.2,958,PGH>=10.0cm,72
1,2361,DBH<5.0cm,73
0.4,234,DBH>=10.0cm,73
0.4,272,DBH>=10.0cm,73
0.4,346,DBH>=10.0cm,73
0.88,698,DBH>=10.0cm,73
0.3,451,DBH>=5.0cm,73
0.7,456,DBH>=5.0cm,73
1,1318,DBH>=5.0cm,73
1,2134,DBH>=5.0cm,73
1,1396,DBH30>=5.0cm,73
0.25,1186,H>100cm&DBH>1.0cm,73
0.34,730,PBH>=10.0cm,73
0.1,175,PBH>=15.0cm,73
0.1,178,PBH>=15.0cm,73
0.2,443,PBH>=15.0cm,73
0.6,582,PBH>=15.0cm,73
1,945,PBH>=15.0cm,73
1.2,1487,PBH>=15.0cm,73
0.4,313,DBH>=10.0cm,74
0.05,270,DBH>=2.5cm,74
0.0758,305,DBH>=3.0cm,74
0.3,376,DBH>=5.0cm,74
0.4,451,DBH>=5.0cm,74.0
0.4,612,DBH>=5.0cm,74
0.52,1302,DBH>=5.0cm,74
0.2916,259,H>=200cm/PBH>=62.8cm,74
0.2916,310,H>=200cm/PBH>=62.8cm,74
0.14,316,PBH>=10.0cm,74
0.25,423,PBH>=10.0cm,74
1.08,837,PBH>=15.0cm,74
0.5936,874,PBH>=15.0cm,74
0.81,902,PBH>=15.0cm,74
0.52,996,PBH>=15.0cm,74
1,1211,PBH>=15.0cm,74
1,1221,PBH>=15.0cm,74
1,1353,PBH>=15.0cm,74
1.5,1177,PBH>=15.7cm,74
0.4,216,DBH>=10.0cm,75
0.25,517,DBH>=5.0cm,75
0.56,642,DBH>=5.0cm,75
1.12,1119,DBH>=5.0cm,75
1,1145,DBH>=5.0cm,75
0.04,495,DGH>=1.0cm,75
0.07,1203,H>=130cm,75
0.25,2918,H>30cm&PBH<15.0cm,75
0.1,173,PBH>=15.0cm,75
0.2,317,PBH>=15.0cm,75
0.6,800,PBH>=15.0cm,75
1,816,PBH>=15.7cm,75
0.1,3299,all_individuals,76
0.4,185,DBH>=10.0cm,76
0.4,242,DBH>=10.0cm,76
0.4,258,DBH>=10.0cm,76
0.4,282,DBH>=10.0cm,76
0.4,314,DBH>=10.0cm,76
1,541,DBH>=10.0cm,76
0.2,428,DBH>=5.0cm,76
0.3,516,DBH>=5.0cm,76
1,566,DBH>=5.0cm,76
1,571,DBH>=5.0cm,76
0.6,648,DBH>=5.0cm,76
0.7,694,DBH>=5.0cm,76
1,963,DBH>=5.0cm,76
1,1769,DBH>=5.0cm,76
1.56,2162,DBH>=5.0cm,76
1.8,5910,DGH>=3.0cm,76
0.22,388,DGH>=5.0cm,76
0.5,1356,H>130cm,76
0.15,412,H>250cm,76
0.2,470,PBH>=10.0cm,76
0.189,768,PBH>=10.0cm,76
0.084,192,PBH>=15.0cm,76
0.23492,296,PBH>=15.0cm,76
0.2,338,PBH>=15.0cm,76
0.3,346,PBH>=15.0cm,76
0.25,440,PBH>=15.0cm,76
0.68,725,PBH>=15.0cm,76
1,1201,PBH>=15.0cm,76
1.28,1694,PBH>=15.0cm,76
0.5,535,PBH>15.0cm,76
0.04,989,20cm<H<100cm,77.0
0.4,220,DBH>=10.0cm,77
1.2,2911,DBH>=3.2cm,77
0.46729,400,DBH>=5.0cm,77
0.36,710,DBH>=5.0cm,77
0.5,945,DBH>=5.0cm,77
1,1025,DBH>=5.0cm,77
1,1343,DBH>=5.0cm,77.0
1,2202,DBH>=5.0cm,77
0.5,586,DBH>5.0cm,77
1,652,DGH30>5.0cm,77
0.45,3467,H>=130cm,77
0.084,1991,H>200cm,77
0.1,175,PBH>=15.0cm,77
0.4,549,PBH>=15.0cm,77
1,1116,PBH>=15.0cm,77
1.08,1130,PBH>=15.0cm,77
1.6,2313,PBH>=15.7cm,77
0.38,534,PBH>=20.0cm,77
0.2,986,PBH>=5.0cm,77
0.75,716,5.0cm<=DBH<=10.0cm/DBH>=10.0cm,78
0.2,190,DBH>=10.0cm,78
0.4,303,DBH>=10.0cm,78
0.4,318,DBH>=10.0cm,78
0.4,434,DBH>=10.0cm,78
0.3,623,DBH>=4.8cm,78
0.35,477,DBH>=5.0cm,78
0.5,773,DBH>=5.0cm,78
1,1111,DBH>=5.0cm,78
1,1206,DBH>=5.0cm,78
0.52,1394,DBH>=5.0cm,78
1,1573,DBH>=5.0cm,78
1,1689,DBH>=5.0cm,78
1,2054,DBH>=5.0cm,78
1,2059,DBH>=5.0cm,78
0.85,671,PBH>=15.7cm,78
0.37,629,PBH>=5.0cm,78
0.1,252,DBH>=2.5cm,79
1,230,DBH>=20.0cm,79
1,649,DBH>=5.0cm,79
0.64,738,DBH>=5.0cm,79
0.61,743,DBH>=5.0cm,79
0.56,747,DBH>=5.0cm,79
0.93,1437,DBH>=5.0cm,79
0.93,1528,DBH>=5.0cm,79
25,14010,DBH>10.0cm,79
0.1,144,PBH>=15.0cm,79
1,649,PBH>=15.0cm,79
1,839,PBH>=15.0cm,79
1.08,1545,PBH>=15.0cm,79
0.475,562,PBH>=15.7cm,79
1.000,1631,PBH>=15.7cm,79
13.95,3264,PBH>60.0cm,79
0.56,1609,PGH>=10.0cm,79
0.4,2456,1.0cm<DBH<5.0cm&DBH>=5.0cm,80
0.4,234,DBH>=10.0cm,80
0.4,245,DBH>=10.0cm,80
0.1134,438,DBH>=3.0cm,80
0.5813953488,946,DBH>=5.0cm,80
1,1309,DBH>=5.0cm,80
1,1745,DBH>=5.0cm,80
1,1783,DBH>=5.0cm,80
1.56,2046,DBH>=5.0cm,80
0.4,553,DBH30>=5.0cm,80
0.5,2490,DGH>=3.0cm,80
0.5,2814,DGH>=3.0cm,80
0.0384,1158,H>5cm&DBH<5.0cm,80
0.345,730,PBH>=10.0cm,80
0.084,192,PBH>=15.0cm,80
0.225,280,PBH>=15.0cm,80
0.2,330,PBH>=15.0cm,80
0.27,480,PBH>=15.0cm,80
1,991,PBH>=15.0cm,80
1.04,1126,PBH>=15.0cm,80
1.000,570,PBH>=15.7cm,80
0.52,1151,PBH>=5.0cm,80
0.4,239,DBH>=10.0cm,81
1.76,1812,DBH>=10.0cm,81
0.25,1060,DBH>=2.5cm,81
0.3,1033,DBH>=3.0cm,81
0.225,489,DBH>=3.0cm&H>=200cm,81.0
0.5,888,DBH>=5.0cm,81
1,982,DBH>=5.0cm,81
1,1575,DBH>=5.0cm,81
1.1,913,DBH30>=5.0cm,81
1.1,1220,DBH30>=5.0cm,81
0.1,1000,H>100cm,81
0.44,663,PBH>=15.0cm,81
0.8165,911,PBH>=15.0cm,81
1.6,2486,PBH>=15.7cm,81
0.4,274,DBH>=10.0cm,82
0.4,337,DBH>=10.0cm,82
1,1649,DBH>=5.0cm,82
2.16,2653,DBH>=5.0cm,82
1,2118,DBH>=5.0cm&H>300cm,82
0.22,407,DGH>=5.0cm,82
0.1,1000,H>100cm,82
0.3,3619,H>100cm,82
0.5,2257,H>130cm,82
0.25,496,PBH>=10.0cm,82
0.178,494,PBH>=15.0cm,82
0.5,800,PBH>=15.0cm,82
1,1617,PBH>=15.0cm,82
1.83,3539,PBH>=15.0cm,82
0.4,319,DBH>=10.0cm,83
0.4,340,DBH>=10.0cm,83
1,564,DBH>=10.0cm,83
1,564,DBH>=10.0cm,83
0.4,742,DBH>=5.0cm,83
1,1983,DBH>=5.0cm,83
0.6,4718,DGH>=3.0cm,83
0.48,893,PBH>=10.0cm,83
0.2,326,PBH>=15.0cm,83
0.3,547,PBH>=15.0cm,83
0.37,723,PBH>=15.0cm,83
0.475,588,PBH>=15.7cm,83
6,6021,PBH>=15.7cm,83
0.4,227,DBH>=10.0cm,84
0.4,283,DBH>=10.0cm,84
0.1,289.0,DBH>=2.5cm,84
0.4,567,DBH>=5.0cm,84
1.44,2164,DBH>=5.0cm,84
0.25,876,PBH>=10.0cm,84
0.1,145,PBH>=15.0cm,84
0.1,155,PBH>=15.0cm,84
0.2,303,PBH>=15.0cm,84
0.4,575,PBH>=15.0cm,84
1,1626,PBH>=15.0cm,84
0.475,601,PBH>=15.7cm,84
0.375,1074,PGH>7.0cm,84
0.4,285,DBH>=10.0cm,85
0.4,291,DBH>=10.0cm,85
0.7254,500,DBH>=10.0cm,85
0.5,693,DBH>=5.0cm,85
0.1285,892,DBH>=5.0cm,85
1,1531,DBH>=5.0cm,85
1.05,1146,DBH>5.0cm,85
0.0525,207,PBH>=10.0cm,85
0.28,617,PBH>=10.0cm,85
0.1,184,PBH>=15.0cm,85
0.1,213,PBH>=15.0cm,85
0.4,785,PBH>=15.0cm,85
1.05,1146,PBH>=15.0cm,85
1,2106,PBH>=15.0cm,85
4,2921,PBH>=31.4cm,85
2.5,2016,PBH>15.0cm,85
0.2,1451,PGH>=6.0cm,85
0.4,216,DBH>=10.0cm,86
0.4,353,DBH>=10.0cm,86
0.4,418,DBH>=10.0cm,86
1.56,2935,DBH>=5.0cm,86
0.225,1402,DGH>=3.0cm,86
1,976,PBH>=15.0cm,86
0.6,1034,PBH>=5.0cm,86
0.7,423,DBH>=10.0cm,87
0.4,539,DBH>=10.0cm,87
0.48,563,DBH>=5.0cm,87
1,1042,DBH>=5.0cm,87
0.5,3981,H>=150cm&PBH<15.0cm,87
0.1,215,PBH>=15.0cm,87
3.02,1962,PBH>=31.0cm,87
1,3644,PGH>=10.0cm,87
0.2,229,DBH>=10.0cm,88
0.4,338,DBH>=10.0cm,88
0.4,1051,DBH>=3.2cm,88
1,1282,DBH>=5.0cm,88
0.4,833,DBH30>=5.0cm,88
1,944,DBH30>=5.0cm,88
0.30,412,H>0.3m&DBH<5.0cm/DBH>=5.0cm,88
0.3,1107,PBH>=10.0cm,88
0.1,168,PBH>=15.0cm,88
0.2,307,PBH>=15.0cm,88
1,1063,PBH>=15.0cm,88
1,1892,PBH>=15.0cm,88
1,5683,PGH>=9.0cm,88
0.122,300,5.0cm<PBH<30.0cm,89
0.4,278,DBH>=10.0cm,89
17,5355,DBH>=10.0cm,89
0.1308,468,DBH>=3.0cm,89
0.2,289,DBH>=5.0cm,89
0.1,170,PBH>=15.0cm,89
0.1,203,PBH>=15.0cm,89
0.2,289,PBH>=15.0cm,89
1.08,800,PBH>=15.0cm,89
1.1,1393,PBH>=15.0cm,89
4,4120,PBH>=15.7cm,89
0.7509,500,DBH>=10.0cm,90
0.4,435,DBH>=5.0cm,90
0.8,1178,H>1m&PBH<15.0cm/PBH>=15.0cm,90
0.1,156,PBH>=15.0cm,90
0.1,205,PBH>=15.0cm,90
0.225,280,PBH>=15.0cm,90
0.35,454,PBH>=15.0cm,90
1,805,PBH>=15.0cm,90
1,1003,PBH>=15.0cm,90
1,1843,PBH>=15.7cm,90
0.2,206,DBH>=10.0cm,91
0.48,932,DBH>=15.7cm,91
1,1049,DBH>=4.8cm,91
0.18,316,DBH>=5.0cm,91
0.375,624,DBH>=5.0cm,91
1,782,DBH>=5.0cm,91
1,2033,DBH>=5.0cm,91
0.18,316,PBH>=15.0cm,91
1,1049,PBH>=15.0cm,91
1,1653,PBH>=15.0cm,91
1.1,1889,PBH>=15.7cm,91
0.2,982,PBH>=5.0cm,91
0.4,251,DBH>=10.0cm,92
0.25,297,DBH>=5.0cm,92
1.4,1435,DBH30>=5.0cm,92
1.5,1897,DBH30>=5.0cm,92
1,2424,DGH>=5.0cm,92
1,24661,H>=30cm,92
0.18,1131,H>130cm,92
0.28,1969,H>130cm,92
0.04,1721,H>20cm&DBH<5.0cm,92
0.5,1107,PBH>=10.0cm,92
0.1,166,PBH>=15.0cm,92
0.157,250,PBH>=15.0cm,92
0.3881,926,PBH>=15.0cm,92
0.388,1000,PBH>=15.0cm,92
1,1424,PBH>=15.0cm,92
0.4,822,PBH>=15.7cm,92
1,1189,PBH>=15.7cm,92
0.4,374,DBH>=10.0cm,93
0.5,1920,DGH>=3.0cm,93
1,8135,DGH>=3.0cm&H>=50.0cm,93
0.3,925,H>=250cm,93
0.15,2505,H>100cm,93
0.3,925,H>150cm,93
0.5,1101,PBH>=10.0cm,93
0.225,280,PBH>=15.0cm,93
1,2071,PBH>=15.0cm,93
8.5,1070,DBH>=20.0cm,94
0.3,543,DBH>=5.0cm,94
0.375,545,DBH>=5.0cm,94
0.2,337,PBH>=15.0cm,94
0.4,496,PBH>=15.0cm,94
0.36,502,PBH>=15.0cm,94
2.5,1947,PBH>=30.0cm,94
0.2,216,DBH>=10.0cm,95
0.5,1684,DBH>=3.2cm,95
1,694,DBH>=5.0cm,95
1,2370,DBH>8.0cm,95
1,2381,DGH>=5.0cm,95.0
1,1220,DGH30>5.0cm,95
0.3,751,PBH>=10.0cm,95
0.1,188,PBH>=15.0cm,95
0.25,530,PBH>=15.0cm,95
0.4,983,PBH>=15.0cm,95
0.2,582,H>=300cm,96
0.5,816,PBH>=10.0cm,96
0.1,171,PBH>=15.0cm,96
0.225,280,PBH>=15.0cm,96
0.66,800,PBH>=15.0cm,96
0.6,1161,PBH>=15.0cm,96
1.000,1329,PBH>=15.7cm,96
1.25,1416,PBH>=15.7cm,96
0.6602,500,DBH>=10.0cm,97
0.9709,500,DBH>=10.0cm,97
0.6,2458,DBH>=3.0cm,97.0
0.42,845,DBH>=4.8cm,97
2.61,1500,DBH>=5.0cm,97
1.69,1604,DBH>=5.0cm,97
1,1668,DBH>=5.0cm,97
1,872,DBH>=8.0cm,97
1.02,2946,DGH>=3.0cm,97
0.52,6645,H>=150cm,97
0.18,1931,H>130cm,97
0.377,480,PBH>=15.0cm,97
0.7337,500,DBH>=10.0cm,98
0.8948,500,DBH>=10.0cm,98
0.36,729,DBH>=3.2cm,98
0.18,252,DBH>=5.0cm,98
0.5,1193,DBH>=5.0cm,98
1,3056,H>130cm,98
0.56,1580,PBH>=10.0cm,98
0.1,159,PBH>=15.0cm,98
0.4,563,PBH>=15.0cm,98
1,798,PBH>=15.0cm,98
0.4,985,PBH>=15.7cm,98
7,6225,PBH>=15.7cm,98
3.02,2901,PBH>=16.0cm,98
0.25,1229,DBH<4.77cm,99
0.5704,500,DBH>=10.0cm,99
0.22,471,DBH>=4.8cm,99
1,1051,DBH>=4.8cm,99
0.50736,958,DBH>=5.0cm,99
0.5224660397,1000,DBH>=5.0cm,99
0.02,949,H>20cm&DGH<3.0cm,99.0
1,1793,PBH>=10.0cm,99
0.32,585,PBH>=15.5cm,99
1.2,524,PBH>=30.0cm,99
0.2,1043,PBH>=5.0cm,99
0.1,381,DBH>=2.5cm,100
0.3,496,DBH>=5.0cm,100
0.5,1019,DBH>=5.0cm,100
1,1417,DBH>=5.0cm,100
1,1418,DBH>=5.0cm,100
1,1423,DBH>=5.0cm,100
0.225,280,PBH>=15.0cm,100
0.42,1109,PBH>=15.0cm,100
0.2,1064,PBH>=5.0cm,100
0.1,257.0,DBH>=2.5cm,101
0.79,1874,DBH>=5.0cm,101
0.375,3400,DGH>=3.0cm,101
0.1,159,PBH>=15.0cm,101
0.225,280,PBH>=15.0cm,101
0.5,794,PBH>=15.0cm,101
1,1597,PBH>=15.0cm,101
0.1,434,DBH>=2.5cm,102
1,1239,DBH>=5.0cm,102
1,1568,DBH>=5.0cm,102
4.35,3812,DBH>5.0cm,102
0.2,553,DGH>=2.5cm,102
0.2,553,DGH>=2.5cm,102
0.5,1890,PBH>=10.0cm,102
1,1568,PBH>=15.67cm,102
1.500,1521,PBH>=15.7cm,102
0.5208,500,DBH>=10.0cm,103
1.02,1378,DBH>=5.0cm,103
1.04,1436,DBH>=5.0cm,103
1,1746,DBH>=5.0cm,103
2,1270,DBH>=9.5cm,103
0.78,769,DBH>5.0cm,103
0.76,3776,PBH>=5.0cm,103
0.7368,500,DBH>=10.0cm,104
0.25,679,DBH>=2.5cm,104
1,981,DBH>=5.0cm,104
1.075,1140,DBH>=5.0cm,104
1,1818,DBH>=5.0cm,104
0.5,3516,DGH>=3.0cm,104
0.5,3516,DGH>=3.0cm,104
0.224,400,PBH>=15.0cm,104
1,1379,PBH>=15.0cm,104
1.575,1348,PBH>=15.7cm,104
0.4,697,DBH>=5.0cm,105
0.5,943,DBH>=5.0cm,105
1,1369,DBH>=5.0cm,105
0.5,943,DBH>=5.0cm&H>200cm,105
1.5,3171,DBH>5.0cm,105
0.09,651,H>100cm,105
0.15,2070,H>100cm,105
0.4,888,PBH>=15.0cm,105
1.03,1220,PBH>=15.0cm,105
2,1851,PBH>=15.0cm,105
1.800,1384,PBH>=15.7cm,105
1,1689,DBH>=4.8cm,106
0.5377,800,DBH>=5.0cm,106
1,1493,DGH30>5.0cm,106
0.3,1307,H>1m&DBH>=3.0cm,106
0.3,1352,H>1m&DBH>=3.0cm,106
1,3159,PBH>=10.0cm,106
0.18,318,PBH>=15.0cm,106
1.12,1351,PBH>=15.67cm,106
0.7029,500,DBH>=10.0cm,107
0.575,468,DBH>=5.0cm,107
0.375,604,DBH>=5.0cm,107
0.7,748,DBH>=5.0cm,107
1.2,1083,DBH>=5.0cm,107
0.785,1423,DBH>=5.0cm,107
1,1458,DBH>=5.0cm,107
1,1715,DBH>=5.0cm,107
10,8031,DBH>=9.5cm,107
0.18,252,PBH>=15.0cm,107
1,1270,PBH>=15.0cm,107
0.434,1509,PBH>=15.0cm,107
1,2053,PBH>=15.0cm,107
8,7472,PBH>=15.7cm,107
0.64,1912,DBH>=3.0cm,108
0.5,800,DBH>=5.0cm&DGH>=5.0cm,108
10,4817,DBH>10.0cm,108
0.18,1914,H>100cm&PBH<15.0cm,108
0.8,2147,PBH>=8.0cm,108
1.8,14371,3.0cm<PBH<30.0cm,109
2.25,1801,DBH>=4.8cm,109
1,1041,DBH>=5.0cm,109
1,1398,DGH30>5.0cm,109
0.78,980,PBH>=15.0cm,109
0.774,1159,PBH>=15.0cm,109
1.500,3724,PBH>=15.7cm,109
0.8,2147,PBH>=8.0cm,109
0.6072,500,DBH>=10.0cm,110
0.625,952,DBH>=5.0cm,110
1,1286,DBH>=5.0cm,110
2.400,2738,PBH>=15.7cm,110
8,6188,PBH>=15.7cm,110
1,728,DBH>=10.0cm,111
0.1651,590,DBH>=3.0cm,111
0.56,699,DBH>=5.0cm,111
0.48,875,DBH>=5.0cm,111
0.34,1224,H>=130cm,111
0.25,2718,H>100cm&DGH30<5.0cm,111.0
0.5,831,PBH>=15.0cm,111
1.05,1484,PBH>=15.0cm,111
1.16,1560,PBH>=15.7cm,111
0.2,1033,PBH>=5.0cm,111
7.6,1149,DBH>=25.0cm,112
0.54,768,DBH>=4.8cm,112
1,1053,DBH>=5.0cm,112
1.56,1898,DBH>=5.0cm,112
0.5,728,H>=200cm&PBH>=10.0cm,112
0.5,2405,H>130cm,112
1,1166,PBH>=15.0cm,112
0.65,740,PBH>=15.7cm,112
0.3,362,DBH>=2.5cm,113
0.375,629,DBH>=5.0cm,113
1,1417,DBH>=5.0cm,113
1.2,1827,H>=200cm&PBH>=10.0cm,113
0.4,621,PBH>=15.0cm,113
1,1096,PBH>=15.0cm,113
1.400,1568,PBH>=15.7cm,113
0.1,339,DBH>=2.5cm,114
0.5,1665,DBH>=2.5cm,114
1,1690,DBH>=5.0cm,114
1,2822,DBH>=5.0cm&H>500cm,114
0.78,1382,PBH>=10.0cm,114
0.17,242,PBH>=15.0cm,114
0.2,321,PBH>=15.0cm,114
0.2679,540,PBH>=15.0cm,114
0.33,781,PBH>=15.0cm,114
1.250,1501,PBH>=15.7cm,114
0.95,1867,PBH>=15.7cm,114
1,1005,DBH>=5.0cm,115
0.48,6436,H>=100cm,115
0.311,777,PBH>=10.0cm,115
1,1576,PBH>=15.0cm,115
0.800,1099,PBH>=15.7cm,115
1,1735,DBH>=5.0cm,116
1.2,1577,PBH>=10.0cm,116
1.5,2334,PBH>=15.0cm,116
25,14178,DBH>=10.0cm,117
1,1741,DBH>=5.0cm,117
0.0192,583,H>10.0cm&H<1.30m,117
0.945,1413,PBH>=15.0cm,117
0.945,1413,PBH>=15.0cm,117
1.125,1449,PGH>=15.7cm,117
0.375,804,DBH>=5.0cm,118
1,1821,DBH>=5.0cm,118
8,17485,DBH>=5.0cm,118
1,3787,DGH>=3.0cm,118
0.625,4822,DGH>=3.0cm&H>200cm,118.0
1.597,1949,DGH>=5.0cm,118
1.5975,1955,DGH>=5.0cm,118
0.48,5644,H>=100cm,118
0.15,1080,H>=250cm,118
0.25,2654,H>5cm&DBH<5.0cm,118
0.59,597,PBH>=15.0cm,118
1,1307,PBH>=15.0cm,118
0.1458,3191,H>80cm,119
1.200,2413,PBH>=15.7cm,119
0.48,1045,PGH>=15.3cm,119
0.1,310,DBH>=2.5cm,120
0.7,858,DBH>=5.0cm,120
1,1390,DBH>=5.0cm,120
1.6,4226,DBH>=5.0cm,120
1.2,1836,DBH>5.0cm,120
0.7,4036,H>200cm,120
1,1390,PBH>=15.0cm,120
0.72,803,PBH>=15.71cm,120
1.500,1503,PBH>=15.7cm,120
0.4,673,PBH>=20.0cm,120
0.78,1771,DBH>=3.2cm,121
1,1639,PBH>=15.0cm,121
0.26,1947,H>=150cm,122
0.26,1947,H>150cm,122
1.000,1672,PBH>=15.7cm,122
0.1,367,DBH>=2.5cm,123
0.1,405,DBH>=2.5cm,123
0.3115,500,DBH>=5.0cm,123
0.3373,508,DBH>=5.0cm,123
0.78,1324,DBH>=5.0cm,123
1,1879,PBH>=15.0cm,123
1,1249,PBH>=25.0cm/PBH>=7.0cm,123
1.2,1625,PBH>=15.0cm,124
1,1258,DBH>=2.2cm,124
0.1,241.0,DBH>=2.5cm,124
0.5,1164,DBH>=5.0cm,124
1.4,1448,DBH>=5.0cm,124
12,6457,DBH>10.0cm,124
1,1732,DGH30>5.0cm,124
0.5,1275,PBH>=15.0cm,124
1,1560,DBH>=5.0cm,125
0.2141,540,PBH>=15.0cm,125
0.78,1228,DBH>=5.0cm,126
0.25,2138,H>130cm,126
0.31,717,PBH>=10.0cm,126
0.46,800,PBH>=15.0cm,126
2,2940,PBH>=15.7cm,126
7.1,4261,PBH>=30.0cm,126
0.5,755,DBH>=4.8cm,127
1,1493,DBH>=5.0cm,127
0.25,984,PBH>=10.0cm,127
1,1646,PBH>=15.0cm,127
1,1707,PBH>=15.0cm,127
1,1838,PBH>=15.0cm,127
0.5,1237,DBH>=4.8cm,128
0.3,531,DBH>=5.0cm,128
1,1762,DBH>=5.0cm,128
1,1995,DBH>=5.0cm,128
1,4609,DBH>=5.0cm,128
0.6,949,PBH>=15.0cm,128
0.950,1501,PBH>=15.7cm,128
0.5,734,DBH>=5.0cm,129
1,1112,DBH>=5.0cm,129
0.96,1392,DBH>=5.0cm,129
1,1922,DBH>=5.0cm,129
0.36,579,DBH>3.2cm,129
0.48,7364,H>=100cm,129
0.19,1157,H>=100cm&DBH<5.0cm,129
0.900,1088,PBH>=15.7cm,129
1.0543,1146,DBH>=5.0cm,130
0.7606,1470,DBH>=5.0cm,130
0.68,898,PBH>=15.5cm,130
0.650,856,PBH>=15.7cm,130
0.840,1694,PBH>=15.7cm,130
1,438,DBH>=10.0cm,131
1,1020,DBH>=5.0cm,131
1,1121,PBH>=15.0cm,131
1,1371,PBH>=15.0cm,131
1,1371,PBH>=15.0cm,131
1,1672,DBH>=5.0cm,132
1.5,3907,DBH>=5.0cm,132
1,1685,DBH>=5.0cm,133
0.2365,540,PBH>=15.0cm,133
0.26,531,DBH>=2.5cm,134
0.1,253,PBH>=15.0cm,134
0.25,602,DBH>=2.5cm,135
0.78,1331,DBH>=5.0cm,135
1,1428,DBH>=5.0cm,135
0.48,976,PBH>=15.71cm,135
3.500,4973,PBH>=15.7cm,135
1,1208,DBH>=5.0cm,136
5.04,6527,DBH>=5.0cm,136
1.125,2198,DGH>=5.0cm,136
1,1412,DBH>=5.0cm,137
1,1951,DBH>=5.0cm,137
0.1,264,PBH>=15.0cm,137
1,1230,PBH>=15.0cm,137
0.2,308,DBH>=5.0cm,138
0.432,592,DBH>=5.0cm,138
0.5,808,PBH>=15.0cm,138
1.400,2599,PBH>=15.7cm,138
3.2,3838,DBH>=5.0cm,139
0.945,1815,PBH>=15.7cm,139
2,2454,PBH>=15.7cm,139
1,1604,DBH>=5.0cm,140
1.12,1666,DBH>=5.0cm,140
0.5,1823,DBH>=5.0cm,140
1.160,1241,PBH>=15.7cm,140
1,2683,PBH>=15.7cm,140
1.900,3229,PBH>=15.7cm,140
0.44,674,DBH>=5.0cm,141
0.84,2145,DGH>=5.0cm,141
1,1240,PBH>=15.0cm,142
0.54,1114,DBH>=5.0cm,143
1.14,1586,DBH>=5.0cm,143
1,1658,DBH>=5.0cm,143
0.55,800,PBH>=15.0cm,143.0
1,1831,PBH>=15.0cm,143
0.25,529,DBH>=2.5cm,144
0.48,519,DBH>=5.0cm,144
1,1524,DBH>=5.0cm,144
0.5184,9011,H>=100cm,144
0.1,254,PBH>=15.0cm,144
1,1735,PBH>=15.0cm,144
1.675,2384,PBH>=15.0cm,144
0.8,879,PBH>=15.7cm,144
2.000,2742,PBH>=15.7cm,144
1.2,940,DBH>=10.0cm,145
5.28,37000,H>=100cm,145
0.5,900.0,PBH>=10.0cm,145
1.000,2575,PBH>=15.7cm,145
0.1,526,DBH>=2.5cm,146
0.34,600,PBH>=15.0cm,147
1.040,917,PBH>=15.7cm,147
1,1326,DBH>=5.0cm,148
1,1944,DBH>=5.0cm,148
1.08,1336,PBH>=15.0cm,148
1.120,1623,PBH>=15.7cm,148
1.04,2527,PBH>=15.7cm,148
1,1204,DBH>=5.0cm,149
1,1410,DBH>=5.0cm,149
1,1450,DBH>=5.0cm,149
1,3161,DBH>=5.0cm,149
1,1436,PBH>=15.0cm,149
1,569,DBH>=10.0cm,150
1.58,1831,DBH>=5.0cm,150
1.2,1972,DBH>=5.0cm,150
1.280,2106,PBH>=15.7cm,150
2.334,1826,DBH>=10.0cm,151
0.65,1064,DBH>=5.0cm,151
0.5,820,PBH>=15.0cm,151
1,1496,PBH>=15.0cm,152
1,1528,PBH>=15.0cm,152
0.4,1211,DBH>=2.5cm,153
2.00,730,H>0.3m&DBH<10.0cm/DBH>=10.0cm,153
1,2038,PBH>=10.0cm,153
0.6,3901,PBH>=15.0cm,154
0.5203,781,PBH>=15.7cm,154
5.040,6154,PBH>=15.7cm,154
4.275,1912,4.5cm<DBH<10.0cm/DBH>=10.0cm,155
1,1471,DBH>=5.0cm,155
1,2217,DBH>=5.0cm,155
0.3066,1183,H>=130cm,155
0.8,1501,PBH>=15.0cm,155
1.500,2034,PBH>=15.7cm,155
0.907,800,PBH>=30.0cm,155
1,1284,PBH>=15.0cm,156
0.54,1615,DGH>=5.0cm,157
1.08,2797,PBH>=15.67cm,157
1,2510,PBH>=8.0cm,157
0.6,866,PBH>=15.7cm,158
1.6,2187,PBH>=15.7cm,158
1.28,2343,PBH>=15.5cm,159
1.000,1481,PBH>=15.7cm,160
2.100,2188,PBH>=15.7cm,160
2.200,3846,PBH>=15.7cm,160
2,2331,DBH>=5.0cm,161
1,1095,DBH>=5.0cm,162
0.61,1007,PBH>=15.0cm,162
1.2,2313,PBH>=15.0cm,162
1.960,2862,PBH>=15.7cm,163
1.08,2797,DBH>=5.0cm,164
1.5,2196,PBH>=15.7cm,165
0.1,289,DBH>=2.5cm,167
2.68,12998,H>150cm,167
1.800,2347,PBH>=15.7cm,167
0.600,1011,PBH>=15.7cm,168
2.1,3244,PBH>=15.7cm,168
1,564,DBH>=10.0cm,169
1.2,1778,DBH>=5.0cm,169
1.500,2323,PBH>=15.7cm,170
1.04,1008,DBH>=5.0cm,171
1.98,3078,DBH>=5.0cm,172
1,1826,DBH>=5.0cm,173
1,580,DBH>=10.0cm,174
1.2,3255,DBH>=5.0cm,175
0.945,3169,DGH>=5.0cm,175
1.17,1378,DGH>=5.0cm,176
0.84,1968,PBH>=15.0cm,176
1,1128,DBH>=5.0cm,177
1,2166,PBH>=15.0cm,180
0.5,500,5.0cm<=DBH<=10.0cm,181
1,1772,DBH>=5.0cm,181
2.900,3256,PBH>=15.7cm,181
0.4,1080,DBH>=5.0cm,183
1.500,1880,PBH>=15.7cm,183
1.920,3324,PBH>=15.7cm,183
0.3,968,DBH>=2.5cm,184
1,1482,PBH>=15.0cm,184
0.12,5189,H>=50cm,185
1.84,2536,PBH>=20.0cm,186.0
1,2091,DBH>=5.0cm,187
1.05,2292,PBH>=15.0cm,187
1.300,2042,PBH>=15.7cm,187
0.58,1017,PBH>=15.0cm,188
1,1852,PBH>=15.0cm,189
0.900,2247,PBH>=15.7cm,189
0.2,507,DBH>=2.5cm,191
0.4,596,DBH>=5.0cm,192
0.5,1160.0,PBH>=10.0cm,193
9,13718,PBH>=15.7cm,193
1,1728,PBH>=15.0cm,196
1.900,2104,PBH>=15.7cm,197
5.8,4799,DBH>=10.0cm,198
0.7875,2430,DGH>=5.0cm,199
1.000,2239,PBH>=15.7cm,199
0.7875,2430,PBH>=15.7cm,199
1.5,2026,DBH>=5.0cm,201
0.3,1003,DBH>=2.5cm,202
0.43,2730,H>=130cm,202
0.1,321.0,DBH>=2.5cm,203
1,1993,PBH>=15.0cm,203
1.300,2113,PBH>=15.7cm,204
1.125,2188,PGH>15.7cm,204
2.88,4882,DBH>=5.0cm,206
0.43,2280,H>=130cm,206
1,1881,PBH>=15.0cm,206
1.600,1928,PBH>=15.7cm,206
1,1623,PBH>=15.0cm,209
0.48,5016,H>10cm&DBH<5.0cm,210
0.4,1210,DBH>=5.0cm,212
2.4,4137,PBH>=15.7cm,213
2.000,3510,PBH>=15.7cm,214
1.02,1536,DBH>=5.0cm,217
1.2,2565,PBH>=15.7cm,217
1.500,2004,PBH>=15.7cm,221
1.900,2696,PBH>=15.7cm,221
1.04,2574,PBH>=15.7cm,222
0.42,2904,H>=100cm&DBH<5.0cm,223
1,2010,PBH>=15.0cm,223
1.02,1847,PBH>=15.7cm,225
0.5,934,DGH>=5.0cm,226
1.125,1792,DBH>=5.0cm,229
5.000,8365,PBH>=15.7cm,229
0.5,1152.0,PBH>=10.0cm,233
1,2484,PBH>=10.0cm,233
1.125,1936,DGH>=5.0cm,236
0.0038,285,all_individuals,244
1,1364,DBH>=5.0cm,246
5.76,9544,PBH>=15.0cm,250
0.6,1357,PBH>=15.0cm,252
2.4,3570,DBH>=5.0cm,253
2.5,4557,DBH>=5.0cm,255
1.900,3260,PBH>=15.7cm,255
2.3,4223,PBH>=15.7cm,256
1.000,1690,PBH>=15.7cm,258
3.96,1990,DBH>=4.8cm,261
0.57,1391,PBH>=15.0cm,261
1,1519,PBH>=15.0cm,265
1,2895,DBH>=3.2cm,292
2.500,4718,PBH>=15.7cm,292
6,3021,DBH>=10.0cm,298
1.02,2173,PBH>=20.0cm,319
4.9,2532,DBH>=10.0cm,323
10,4920,DBH>=10.0cm,325
6.000,8010,PBH>=15.7cm,335
8.25,5367,H>0.3m&DBH<10.0cm/DBH>=10.0cm,338
1.2,1810,DBH>=5.0cm,349
1.08,2125,DBH>=5.0cm,353
24,11591,DBH>=10.0cm,371
0.3,3146,DBH<5.0cm,397
1,2444,DBH>=5.0cm,405
1.17,2378,DBH>=5.0cm,441
1,959,DBH>=5.0cm,106
1,1450,DBH>=5.0cm,112
1,1109,DBH>=5.0cm,129
1,1035,DBH>=5.0cm,133
20,1534,DBH>=30.0cm,136
1,1049,DBH>=5.0cm,68
5,508,DBH>=30.0cm,79
1,1082,DBH>=5.0cm,90
20,1473,DBH>=30.0cm,92
1,933,DBH>=5.0cm,95
10,951,DBH>=30.0cm,97
,,,
,,,
,,,
,,,
,,,
,,,
,,,
,,,
,,,
,,,
,,,
,,,
,,,
,,,
,,,
,,,
,,,
,,,
,,,
,,,
,,,
,,,
,,,
,,,
,,,
,,,
,,,
,,,
,,,
,,,
,,,
,,,
,,,
,,,
,,,
,,,
,,,
,,,
,,,
,,,
,,,
,,,
,,,
,,,
,,,
,,,
,,,
,,,
,,,
,,,
,,,
,,,
,,,
,,,
,,,
,,,
,,,
,,,
,,,
,,,
,,,
,,,
,,,
,,,
,,,
,,,
,,,
,,,
,,,
,,,
,,,
,,,
,,,
,,,
,,,
,,,
,,,
,,,
,,,
,,,
,,,
,,,
,,,
,,,
,,,
,,,
,,,
,,,
,,,
,,,
,,,
,,,
,,,
,,,
,,,
,,,
,,,
,,,
,,,
,,,
,,,
,,,
,,,
,,,
,,,
,,,
,,,
,,,
,,,
,,,
,,,
,,,
,,,
,,,
,,,
,,,
,,,
,,,
,,,
,,,
,,,
,,,
,,,
,,,
,,,
,,,
,,,
,,,
,,,
,,,
,,,
,,,
,,,
,,,
,,,
,,,
,,,
,,,
,,,
,,,
,,,
,,,
,,,
,,,
,,,
,,,
,,,
,,,
,,,
,,,
,,,
,,,
,,,
,,,
,,,
,,,
,,,
,,,
,,,
,,,
,,,
,,,
,,,
,,,
,,,
,,,
,,,
,,,
,,,
,,,
,,,
,,,
,,,
,,,
,,,
,,,
,,,
,,,
,,,
,,,
,,,
,,,
,,,
,,,
,,,
,,,
,,,
,,,
,,,
,,,
,,,
,,,
,,,
,,,
,,,
,,,
,,,
,,,
,,,
,,,
,,,
,,,
,,,
,,,
,,,
,,,
,,,
,,,
,,,
,,,
,,,
,,,
,,,
,,,
,,,
,,,
,,,
,,,
,,,
,,,
,,,
,,,
,,,
,,,
,,,
,,,
,,,
,,,
,,,
,,,
,,,
,,,
,,,
,,,
,,,
,,,
,,,
,,,
,,,
,,,
,,,
,,,
,,,
,,,
,,,
,,,
,,,
,,,
,,,
,,,
,,,
,,,
,,,
,,,
,,,
,,,
,,,
,,,
,,,
,,,
,,,
,,,
,,,
,,,
,,,
,,,
,,,
,,,
,,,
,,,
,,,
,,,
,,,
,,,
,,,
,,,
,,,
,,,
,,,
,,,
,,,
,,,
,,,
,,,
,,,
,,,
,,,
,,,
,,,
,,,
,,,
,,,
,,,
,,,
,,,
,,,
,,,
,,,
,,,
,,,
,,,
,,,
,,,
,,,
,,,
,,,
,,,
,,,
,,,
,,,
,,,
,,,
,,,
,,,
,,,
,,,
,,,
,,,
,,,
,,,
,,,
,,,
,,,
,,,
,,,
,,,
,,,
,,,
,,,
,,,
,,,
,,,
,,,
,,,
,,,
,,,
,,,
,,,
,,,
,,,
,,,
,,,
,,,
,,,
,,,
,,,
,,,
,,,
,,,
,,,
,,,
,,,
,,,
,,,
,,,
,,,
,,,
,,,
,,,
,,,
,,,
,,,
,,,
,,,
,,,
,,,
,,,
,,,
,,,
,,,
,,,
,,,
,,,
,,,
,,,
,,,
,,,
,,,
,,,
,,,
,,,
,,,
,,,
,,,
,,,
,,,
,,,
,,,
,,,
,,,
,,,
,,,
,,,
,,,
,,,
,,,
,,,
,,,
,,,
,,,
,,,
,,,
,,,
,,,
,,,
,,,
,,,
,,,
,,,
,,,
,,,
,,,
,,,
,,,
,,,
,,,
,,,
,,,
,,,
,,,
,,,
,,,
,,,
,,,
,,,
,,,
,,,
,,,
,,,
,,,
,,,
,,,
,,,
,,,
,,,
,,,
,,,
,,,
,,,
,,,
,,,
,,,
,,,
,,,
,,,
,,,
,,,
,,,
,,,
,,,
,,,
,,,
,,,
,,,
,,,
,,,
,,,
,,,
,,,
,,,
,,,
,,,
,,,
,,,
,,,
,,,
,,,
,,,
,,,
,,,
,,,
,,,
,,,
,,,
,,,
,,,
,,,
,,,
,,,
,,,
,,,
,,,
,,,
,,,
,,,
,,,
,,,
,,,
,,,
,,,
,,,
,,,
,,,
,,,
,,,
,,,
,,,
,,,
,,,
,,,
,,,
,,,
,,,
,,,
,,,
,,,
,,,
,,,
,,,
,,,
,,,
,,,
,,,
,,,
,,,
,,,
,,,
,,,
,,,
,,,
,,,
0.046575,148,,
2.6,837,,
0.54,853,,
4.2,3655,,
5,3856,,